,reaction_id,smiles,products_run
0,0,[N:1]#[C:2][C@@H:3]([NH2:4])[CH2:5][Br:6].[H-:7],"[[5, 4, 6], [5, 4, 2, 6]]"
1,1,[CH3:1][C@@H:2]([NH2:3])[CH2:4][Cl:5].[F-:6],"[[4, 3, 5], [4, 3, 1, 5]]"
2,2,[CH3:1][C@@H:2]([NH2:3])[CH2:4][Br:5].[Br-:6],"[[4, 3, 1, 5], [4, 3, 5]]"
3,3,[CH3:1][CH2:2][C@H:3]([Br:4])[C:5]#[N:6].[Cl-:7],"[[3, 2, 1, 6], [3, 2, 6]]"
5,5,[CH3:1][C@@:2]([Cl:3])([C:4]#[N:5])[N+:6](=[O:7])[O-:8].[F-:9],"[[2, 1, 8], [2, 1, 0, 8]]"
6,6,[N:1]#[C:2][CH2:3][C@:4]([NH2:5])([Cl:6])[N+:7](=[O:8])[O-:9].[H-:10],"[[5, 3, 9], [5, 3, 2, 9]]"
7,7,[CH3:1][CH2:2][C@:3]([NH2:4])([F:5])[N+:6](=[O:7])[O-:8].[H-:9],"[[4, 2, 8], [4, 2, 1, 8]]"
8,8,[N:1]#[C:2][CH2:3][CH2:4][F:5].[H-:6],"[[4, 3, 5], [4, 3, 2, 5]]"
9,9,[CH3:1][CH2:2][CH2:3][F:4].[H-:5],"[[3, 2, 4], [3, 2, 1, 4]]"
10,10,[CH3:1][CH2:2][CH2:3][F:4].[F-:5],"[[3, 2, 4], [3, 2, 1, 4]]"
11,11,[CH3:1][CH2:2][CH2:3][Cl:4].[H-:5],"[[3, 2, 1, 4], [3, 2, 4]]"
12,12,[NH2:1][CH2:2][CH2:3][Cl:4].[H-:5],"[[3, 2, 1, 4], [3, 2, 4]]"
13,13,[NH2:1][CH:2]([NH2:3])[CH2:4][Cl:5].[Cl-:6],"[[4, 3, 1, 5], [4, 3, 5]]"
14,14,[N:1]#[C:2][C@H:3]([NH2:4])[CH2:5][Br:6].[H-:7],"[[5, 4, 6], [5, 4, 2, 6]]"
15,15,[NH2:1][C@H:2]([CH2:3][Br:4])[N+:5](=[O:6])[O-:7].[Br-:8],"[[3, 2, 1, 7], [3, 2, 7]]"
17,17,[N:1]#[C:2][CH2:3][CH2:4][Cl:5].[H-:6],"[[4, 3, 5], [4, 3, 2, 5]]"
18,18,[CH3:1][C@@H:2]([C:3]#[N:4])[CH2:5][Cl:6].[H-:7],"[[5, 4, 6], [5, 4, 1, 6]]"
20,20,[O:1]=[N+:2]([O-:3])[CH2:4][CH2:5][Cl:6].[Cl-:7],"[[5, 4, 6], [5, 4, 3, 6]]"
21,21,[CH3:1][CH2:2][CH2:3][Br:4].[Br-:5],"[[3, 2, 1, 4], [3, 2, 4]]"
22,22,[CH3:1][CH:2]([CH3:3])[CH2:4][Br:5].[F-:6],"[[4, 3, 5], [4, 3, 1, 5]]"
23,23,[CH3:1][CH:2]([CH3:3])[CH2:4][Br:5].[H-:6],"[[4, 3, 1, 5], [4, 3, 5]]"
25,25,[CH3:1][C@H:2]([NH2:3])[CH2:4][Cl:5].[F-:6],"[[4, 3, 5], [4, 3, 1, 5]]"
26,26,[CH3:1][C@H:2]([C:3]#[N:4])[CH2:5][Cl:6].[Cl-:7],"[[5, 4, 1, 6], [5, 4, 6]]"
27,27,[CH3:1][C@H:2]([NH2:3])[CH2:4][Cl:5].[Br-:6],"[[4, 3, 1, 5], [4, 3, 5]]"
28,28,[CH3:1][CH:2]([CH3:3])[CH2:4][Cl:5].[Br-:6],"[[4, 3, 1, 5], [4, 3, 5]]"
29,29,[NH2:1][CH:2]([NH2:3])[CH2:4][Br:5].[H-:6],"[[4, 3, 5], [4, 3, 1, 5]]"
30,30,[CH3:1][C@H:2]([NH2:3])[CH2:4][Br:5].[H-:6],"[[4, 3, 5], [4, 3, 1, 5]]"
31,31,[NH2:1][CH:2]([NH2:3])[CH2:4][Br:5].[F-:6],"[[4, 3, 5], [4, 3, 1, 5]]"
32,32,[N:1]#[C:2][C@H:3]([NH2:4])[CH2:5][Br:6].[Cl-:7],"[[5, 4, 2, 6], [5, 4, 6]]"
33,33,[CH3:1][C@H:2]([NH2:3])[CH2:4][Br:5].[F-:6],"[[4, 3, 5], [4, 3, 1, 5]]"
34,34,[N:1]#[C:2][C@H:3]([NH2:4])[CH2:5][Br:6].[Br-:7],"[[5, 4, 2, 6], [5, 4, 6]]"
35,35,[NH2:1][CH2:2][CH2:3][F:4].[H-:5],"[[3, 2, 4], [3, 2, 1, 4]]"
36,36,[NH2:1][CH2:2][CH2:3][F:4].[F-:5],"[[3, 2, 1, 4], [3, 2, 4]]"
37,37,[N:1]#[C:2][C@@H:3]([NH2:4])[CH2:5][Cl:6].[F-:7],"[[5, 4, 6], [5, 4, 2, 6]]"
39,39,[NH2:1][CH2:2][CH2:3][Br:4].[H-:5],"[[3, 2, 1, 4], [3, 2, 4]]"
40,40,[NH2:1][CH2:2][CH2:3][Br:4].[Br-:5],"[[3, 2, 1, 4], [3, 2, 4]]"
41,41,[CH3:1][CH:2]([CH3:3])[CH2:4][Cl:5].[F-:6],"[[4, 3, 5], [4, 3, 1, 5]]"
42,42,[NH2:1][C@@H:2]([CH2:3][Cl:4])[N+:5](=[O:6])[O-:7].[F-:8],"[[3, 2, 7], [3, 2, 1, 7]]"
43,43,[CH3:1][C@@H:2]([C:3]#[N:4])[CH2:5][Cl:6].[Cl-:7],"[[5, 4, 1, 6], [5, 4, 6]]"
44,44,[CH3:1][C@@H:2]([NH2:3])[CH2:4][Cl:5].[Br-:6],"[[4, 3, 1, 5], [4, 3, 5]]"
45,45,[NH2:1][C@@H:2]([CH2:3][Cl:4])[N+:5](=[O:6])[O-:7].[Br-:8],"[[3, 2, 1, 7], [3, 2, 7]]"
46,46,[CH3:1][C@@H:2]([NH2:3])[CH2:4][Br:5].[H-:6],"[[4, 3, 1, 5], [4, 3, 5]]"
47,47,[N:1]#[C:2][C@@H:3]([NH2:4])[CH2:5][Br:6].[F-:7],"[[5, 4, 6], [5, 4, 2, 6]]"
48,48,[CH3:1][C@@H:2]([NH2:3])[CH2:4][Br:5].[F-:6],"[[4, 3, 5], [4, 3, 1, 5]]"
49,49,[NH2:1][CH:2]([NH2:3])[CH2:4][Br:5].[Cl-:6],"[[4, 3, 1, 5], [4, 3, 5]]"
50,50,[NH2:1][C@@H:2]([CH2:3][Br:4])[N+:5](=[O:6])[O-:7].[Br-:8],"[[3, 2, 1, 7], [3, 2, 7]]"
51,51,[NH2:1][CH:2]([NH2:3])[CH2:4][Br:5].[Br-:6],"[[4, 3, 1, 5], [4, 3, 5]]"
52,52,[CH3:1][C:2]([CH3:3])([Br:4])[N+:5](=[O:6])[O-:7].[F-:8],"[[3, 1, 7], [3, 1, 0, 7]]"
53,53,[CH3:1][C@H:2]([Br:3])[N+:4](=[O:5])[O-:6].[F-:7],"[[2, 1, 0, 6], [2, 1, 6]]"
54,54,[CH3:1][CH2:2][C@H:3]([Br:4])[N+:5](=[O:6])[O-:7].[Cl-:8],"[[3, 2, 1, 7], [3, 2, 7]]"
55,55,[CH3:1][C@H:2]([Br:3])[N+:4](=[O:5])[O-:6].[Cl-:7],"[[2, 1, 0, 6], [2, 1, 6]]"
56,56,[CH3:1][C@@H:2]([NH2:3])[C@H:4]([Br:5])[N+:6](=[O:7])[O-:8].[Cl-:9],"[[4, 3, 1, 8], [4, 3, 8]]"
58,58,[NH2:1][CH2:2][C@H:3]([Cl:4])[N+:5](=[O:6])[O-:7].[Br-:8],"[[3, 2, 1, 7], [3, 2, 7]]"
60,60,[N:1]#[C:2][C@H:3]([NH2:4])[C@H:5]([Cl:6])[N+:7](=[O:8])[O-:9].[F-:10],"[[5, 4, 9], [5, 4, 2, 9]]"
62,62,[NH2:1][CH:2]([NH2:3])[C@H:4]([Cl:5])[N+:6](=[O:7])[O-:8].[Br-:9],"[[4, 3, 1, 8], [4, 3, 8]]"
63,63,[NH2:1][CH2:2][C@H:3]([Br:4])[N+:5](=[O:6])[O-:7].[Cl-:8],"[[3, 2, 1, 7], [3, 2, 7]]"
64,64,[NH2:1][CH2:2][C@H:3]([Br:4])[N+:5](=[O:6])[O-:7].[Br-:8],"[[3, 2, 1, 7], [3, 2, 7]]"
65,65,[N:1]#[C:2][C@H:3]([NH2:4])[C@H:5]([Br:6])[N+:7](=[O:8])[O-:9].[Cl-:10],"[[5, 4, 9], [5, 4, 2, 9]]"
66,66,[CH3:1][C@H:2]([NH2:3])[C@H:4]([Br:5])[N+:6](=[O:7])[O-:8].[Cl-:9],"[[4, 3, 1, 8], [4, 3, 8]]"
67,67,[CH3:1][C@@H:2]([Br:3])[CH2:4][NH2:5].[Cl-:6],"[[2, 1, 3, 5], [2, 1, 5]]"
69,69,[N:1]#[C:2][C@H:3]([NH2:4])[C@H:5]([F:6])[N+:7](=[O:8])[O-:9].[H-:10],"[[5, 4, 9], [5, 4, 2, 9]]"
70,70,[N:1]#[C:2][CH2:3][C@H:4]([F:5])[N+:6](=[O:7])[O-:8].[H-:9],"[[4, 3, 8], [4, 3, 2, 8]]"
71,71,[CH3:1][CH:2]([CH3:3])[C@H:4]([Cl:5])[N+:6](=[O:7])[O-:8].[F-:9],"[[4, 3, 8], [4, 3, 1, 8]]"
73,73,[N:1]#[C:2][CH2:3][C@H:4]([Br:5])[N+:6](=[O:7])[O-:8].[F-:9],"[[4, 3, 8], [4, 3, 2, 8]]"
74,74,[CH3:1][C@H:2]([NH2:3])[C@H:4]([Cl:5])[N+:6](=[O:7])[O-:8].[H-:9],"[[4, 3, 8], [4, 3, 1, 8]]"
75,75,[CH3:1][C@H:2]([NH2:3])[C@H:4]([Cl:5])[N+:6](=[O:7])[O-:8].[Br-:9],"[[4, 3, 1, 8], [4, 3, 8]]"
76,76,[CH3:1][C@H:2]([NH2:3])[C@:4]([CH3:5])([Cl:6])[N+:7](=[O:8])[O-:9].[F-:10],"[[5, 3, 9], [5, 3, 1, 9]]"
77,77,[CH3:1][C@H:2]([NH2:3])[C@H:4]([Cl:5])[N+:6](=[O:7])[O-:8].[F-:9],"[[4, 3, 8], [4, 3, 1, 8]]"
78,78,[CH3:1][C@H:2]([NH2:3])[C@H:4]([Br:5])[N+:6](=[O:7])[O-:8].[F-:9],"[[4, 3, 8], [4, 3, 1, 8]]"
80,80,[NH2:1][CH2:2][C@H:3]([Cl:4])[N+:5](=[O:6])[O-:7].[H-:8],"[[3, 2, 1, 7], [3, 2, 7]]"
81,81,[NH2:1][CH2:2][C@:3]([NH2:4])([Br:5])[N+:6](=[O:7])[O-:8].[F-:9],"[[4, 2, 8], [4, 2, 1, 8]]"
82,82,[CH3:1][C@@H:2]([NH2:3])[C@H:4]([Cl:5])[N+:6](=[O:7])[O-:8].[H-:9],"[[4, 3, 1, 8], [4, 3, 8]]"
83,83,[CH3:1][C@@H:2]([Br:3])[CH:4]([NH2:5])[NH2:6].[H-:7],"[[2, 1, 6], [2, 1, 3, 6]]"
84,84,[CH3:1][C@H:2]([F:3])[C:4]#[N:5].[F-:6],"[[2, 1, 5], [2, 1, 0, 5]]"
85,85,[CH3:1][C@H:2]([Cl:3])[C:4]#[N:5].[F-:6],"[[2, 1, 5], [2, 1, 0, 5]]"
86,86,[CH3:1][C:2]([Cl:3])([C:4]#[N:5])[C:6]#[N:7].[Cl-:8],"[[2, 1, 0, 7], [2, 1, 7]]"
87,87,[CH3:1][C@H:2]([Br:3])[C:4]#[N:5].[Br-:6],"[[2, 1, 0, 5], [2, 1, 5]]"
88,88,[CH3:1][CH2:2][C@H:3]([Cl:4])[C:5]#[N:6].[F-:7],"[[3, 2, 6], [3, 2, 1, 6]]"
89,89,[CH3:1][CH2:2][C@@H:3]([CH3:4])[Cl:5].[Cl-:6],"[[4, 2, 1, 5], [4, 2, 5]]"
90,90,[CH3:1][CH2:2][C@H:3]([Cl:4])[C:5]#[N:6].[Cl-:7],"[[3, 2, 1, 6], [3, 2, 6]]"
91,91,[CH3:1][C@@H:2]([C:3]#[N:4])[C@H:5]([Br:6])[C:7]#[N:8].[Cl-:9],"[[5, 4, 1, 8], [5, 4, 8]]"
92,92,[NH2:1][CH2:2][C@H:3]([F:4])[N+:5](=[O:6])[O-:7].[H-:8],"[[3, 2, 7], [3, 2, 1, 7]]"
93,93,[N:1]#[C:2][C@@H:3]([Cl:4])[CH2:5][NH2:6].[F-:7],"[[3, 2, 6], [3, 2, 4, 6]]"
94,94,[N:1]#[C:2][C@@H:3]([Cl:4])[CH2:5][NH2:6].[Br-:7],"[[3, 2, 4, 6], [3, 2, 6]]"
95,95,[N:1]#[C:2][CH2:3][C@H:4]([Cl:5])[C:6]#[N:7].[F-:8],"[[4, 3, 7], [4, 3, 2, 7]]"
96,96,[NH2:1][CH2:2][C@H:3]([Cl:4])[N+:5](=[O:6])[O-:7].[Cl-:8],"[[3, 2, 1, 7], [3, 2, 7]]"
97,97,[CH3:1][C@@H:2]([Cl:3])[CH2:4][NH2:5].[Br-:6],"[[2, 1, 3, 5], [2, 1, 5]]"
98,98,[N:1]#[C:2][C@@H:3]([Br:4])[C@@H:5]([NH2:6])[N+:7](=[O:8])[O-:9].[Cl-:10],"[[3, 2, 4, 9], [3, 2, 9]]"
99,99,[N:1]#[C:2][CH2:3][C@H:4]([Br:5])[C:6]#[N:7].[Br-:8],"[[4, 3, 2, 7], [4, 3, 7]]"
100,100,[CH3:1][C@@:2]([Br:3])([C:4]#[N:5])[CH2:6][NH2:7].[Br-:8],"[[2, 1, 5, 7], [2, 1, 7]]"
101,101,[N:1]#[C:2][C@H:3]([NH2:4])[C@H:5]([Cl:6])[C:7]#[N:8].[F-:9],"[[5, 4, 8], [5, 4, 2, 8]]"
102,102,[N:1]#[C:2][C@H:3]([NH2:4])[C@H:5]([Cl:6])[C:7]#[N:8].[Cl-:9],"[[5, 4, 2, 8], [5, 4, 8]]"
103,103,[CH3:1][CH2:2][C@H:3]([F:4])[N+:5](=[O:6])[O-:7].[H-:8],"[[3, 2, 7], [3, 2, 1, 7]]"
104,104,[CH3:1][CH2:2][C@H:3]([Cl:4])[C:5]#[N:6].[Br-:7],"[[3, 2, 1, 6], [3, 2, 6]]"
106,106,[N:1]#[C:2][CH2:3][C@H:4]([Br:5])[C:6]#[N:7].[F-:8],"[[4, 3, 7], [4, 3, 2, 7]]"
107,107,[CH3:1][CH:2]([CH3:3])[C@@H:4]([NH2:5])[F:6].[H-:7],"[[5, 3, 6], [5, 3, 1, 6]]"
108,108,[CH3:1][CH:2]([CH3:3])[C@H:4]([Cl:5])[C:6]#[N:7].[Cl-:8],"[[4, 3, 1, 7], [4, 3, 7]]"
109,109,[CH3:1][CH:2]([CH3:3])[C@H:4]([Cl:5])[C:6]#[N:7].[F-:8],"[[4, 3, 7], [4, 3, 1, 7]]"
110,110,[CH3:1][CH:2]([CH3:3])[C@@H:4]([CH3:5])[Cl:6].[Cl-:7],"[[5, 3, 1, 6], [5, 3, 6]]"
111,111,[CH3:1][CH:2]([CH3:3])[C@H:4]([Br:5])[C:6]#[N:7].[F-:8],"[[4, 3, 7], [4, 3, 1, 7]]"
112,112,[CH3:1][C@H:2]([NH2:3])[C@H:4]([Cl:5])[C:6]#[N:7].[F-:8],"[[4, 3, 7], [4, 3, 1, 7]]"
113,113,[CH3:1][C@H:2]([NH2:3])[C@@H:4]([CH3:5])[Cl:6].[F-:7],"[[5, 3, 6], [5, 3, 1, 6]]"
114,114,[CH3:1][C@H:2]([NH2:3])[C@H:4]([Cl:5])[N+:6](=[O:7])[O-:8].[Cl-:9],"[[4, 3, 1, 8], [4, 3, 8]]"
115,115,[CH3:1][C@H:2]([NH2:3])[C@H:4]([Cl:5])[C:6]#[N:7].[Br-:8],"[[4, 3, 1, 7], [4, 3, 7]]"
116,116,[CH3:1][C@H:2]([NH2:3])[C@:4]([CH3:5])([Cl:6])[C:7]#[N:8].[Cl-:9],"[[5, 3, 8], [5, 3, 1, 8]]"
117,117,[N:1]#[C:2][C@@H:3]([Cl:4])[CH:5]([NH2:6])[NH2:7].[Br-:8],"[[3, 2, 4, 7], [3, 2, 7]]"
118,118,[CH3:1][C@H:2]([C:3]#[N:4])[C@H:5]([Br:6])[C:7]#[N:8].[F-:9],"[[5, 4, 8], [5, 4, 1, 8]]"
119,119,[CH3:1][C@H:2]([NH2:3])[C@H:4]([Br:5])[C:6]#[N:7].[Br-:8],"[[4, 3, 1, 7], [4, 3, 7]]"
120,120,[CH3:1][C@H:2]([NH2:3])[CH2:4][Br:5].[Cl-:6],"[[4, 3, 1, 5], [4, 3, 5]]"
121,121,[CH3:1][C@H:2]([NH2:3])[C@H:4]([Br:5])[C:6]#[N:7].[Cl-:8],"[[4, 3, 1, 7], [4, 3, 7]]"
122,122,[CH3:1][CH:2]([CH3:3])[C@H:4]([Br:5])[C:6]#[N:7].[Br-:8],"[[4, 3, 1, 7], [4, 3, 7]]"
123,123,[N:1]#[C:2][C@@H:3]([Br:4])[CH:5]([NH2:6])[NH2:7].[Br-:8],"[[3, 2, 4, 7], [3, 2, 7]]"
126,126,[CH3:1][C@H:2]([Cl:3])[C:4]#[N:5].[Cl-:6],"[[2, 1, 0, 5], [2, 1, 5]]"
127,127,[N:1]#[C:2][C:3]([Cl:4])([C:5]#[N:6])[CH2:7][NH2:8].[Cl-:9],"[[3, 2, 6, 8], [3, 2, 8]]"
128,128,[N:1]#[C:2][C@@H:3]([Cl:4])[CH2:5][NH2:6].[Cl-:7],"[[3, 2, 4, 6], [3, 2, 6]]"
131,131,[CH3:1][C@@H:2]([NH2:3])[C@H:4]([Br:5])[C:6]#[N:7].[F-:8],"[[4, 3, 7], [4, 3, 1, 7]]"
132,132,[N:1]#[C:2][C@@:3]([NH2:4])([Br:5])[CH2:6][NH2:7].[F-:8],"[[4, 2, 7], [4, 2, 5, 7]]"
133,133,[N:1]#[C:2][C@@H:3]([Cl:4])[C@H:5]([NH2:6])[C:7]#[N:8].[H-:9],"[[3, 2, 8], [3, 2, 4, 8]]"
134,134,[CH3:1][C@@H:2]([NH2:3])[C@H:4]([Cl:5])[C:6]#[N:7].[H-:8],"[[4, 3, 1, 7], [4, 3, 7]]"
135,135,[CH3:1][C@@H:2]([NH2:3])[CH2:4][Cl:5].[Cl-:6],"[[4, 3, 1, 5], [4, 3, 5]]"
136,136,[CH3:1][C@@H:2]([NH2:3])[C@:4]([CH3:5])([Cl:6])[C:7]#[N:8].[Cl-:9],"[[5, 3, 8], [5, 3, 1, 8]]"
137,137,[CH3:1][C@@H:2]([NH2:3])[C@H:4]([Cl:5])[C:6]#[N:7].[Cl-:8],"[[4, 3, 1, 7], [4, 3, 7]]"
138,138,[CH3:1][C@@H:2]([NH2:3])[C@H:4]([Br:5])[C:6]#[N:7].[H-:8],"[[4, 3, 1, 7], [4, 3, 7]]"
139,139,[N:1]#[C:2][C@@:3]([NH2:4])([Cl:5])[CH:6]([NH2:7])[NH2:8].[H-:9],"[[4, 2, 5, 8], [4, 2, 8]]"
140,140,[NH2:1][CH:2]([NH2:3])[C@H:4]([Cl:5])[N+:6](=[O:7])[O-:8].[Cl-:9],"[[4, 3, 1, 8], [4, 3, 8]]"
141,141,[NH2:1][CH:2]([NH2:3])[CH2:4][Cl:5].[Br-:6],"[[4, 3, 1, 5], [4, 3, 5]]"
142,142,[N:1]#[C:2][C@@H:3]([Cl:4])[CH:5]([NH2:6])[NH2:7].[F-:8],"[[3, 2, 7], [3, 2, 4, 7]]"
143,143,[N:1]#[C:2][C@@H:3]([Br:4])[CH:5]([NH2:6])[NH2:7].[F-:8],"[[3, 2, 7], [3, 2, 4, 7]]"
144,144,[CH3:1][CH:2]([CH3:3])[F:4].[H-:5],"[[3, 1, 4], [3, 1, 0, 4]]"
145,145,[CH3:1][CH:2]([CH3:3])[Cl:4].[H-:5],"[[3, 1, 4], [3, 1, 0, 4]]"
146,146,[CH3:1][C:2]([CH3:3])([Cl:4])[C:5]#[N:6].[Cl-:7],"[[3, 1, 0, 6], [3, 1, 6]]"
147,147,[CH3:1][CH:2]([CH3:3])[Br:4].[Cl-:5],"[[3, 1, 0, 4], [3, 1, 4]]"
148,148,[CH3:1][C:2]([CH3:3])([Br:4])[C:5]#[N:6].[Cl-:7],"[[3, 1, 0, 6], [3, 1, 6]]"
149,149,[CH3:1][C@@H:2]([F:3])[C@H:4]([NH2:5])[C:6]#[N:7].[H-:8],"[[2, 1, 7], [2, 1, 3, 7]]"
150,150,[CH3:1][C@@H:2]([Cl:3])[C@H:4]([NH2:5])[C:6]#[N:7].[H-:8],"[[2, 1, 7], [2, 1, 3, 7]]"
151,151,[CH3:1][CH:2]([CH3:3])[C@@H:4]([CH3:5])[Cl:6].[H-:7],"[[5, 3, 6], [5, 3, 1, 6]]"
152,152,[CH3:1][C@@H:2]([Cl:3])[CH2:4][C:5]#[N:6].[F-:7],"[[2, 1, 6], [2, 1, 3, 6]]"
153,153,[CH3:1][CH2:2][C@@H:3]([CH3:4])[Cl:5].[H-:6],"[[4, 2, 5], [4, 2, 1, 5]]"
154,154,[CH3:1][CH:2]([CH3:3])[C@@H:4]([CH3:5])[Cl:6].[F-:7],"[[5, 3, 6], [5, 3, 1, 6]]"
155,155,[CH3:1][CH2:2][C@@H:3]([CH3:4])[Cl:5].[F-:6],"[[4, 2, 5], [4, 2, 1, 5]]"
156,156,[CH3:1][CH2:2][C@@H:3]([CH3:4])[Br:5].[F-:6],"[[4, 2, 5], [4, 2, 1, 5]]"
157,157,[CH3:1][CH2:2][C@@H:3]([CH3:4])[Br:5].[H-:6],"[[4, 2, 5], [4, 2, 1, 5]]"
158,158,[CH3:1][C@@H:2]([Br:3])[CH2:4][C:5]#[N:6].[F-:7],"[[2, 1, 6], [2, 1, 3, 6]]"
159,159,[CH3:1][CH:2]([CH3:3])[C@@H:4]([CH3:5])[Br:6].[F-:7],"[[5, 3, 6], [5, 3, 1, 6]]"
160,160,[CH3:1][C@@H:2]([Cl:3])[CH2:4][NH2:5].[Cl-:6],"[[2, 1, 3, 5], [2, 1, 5]]"
161,161,[CH3:1][C@@H:2]([Cl:3])[C@@H:4]([NH2:5])[N+:6](=[O:7])[O-:8].[F-:9],"[[2, 1, 8], [2, 1, 3, 8]]"
162,162,[CH3:1][C@@H:2]([Cl:3])[CH:4]([NH2:5])[NH2:6].[F-:7],"[[2, 1, 6], [2, 1, 3, 6]]"
163,163,[CH3:1][C@@H:2]([Cl:3])[CH2:4][NH2:5].[F-:6],"[[2, 1, 5], [2, 1, 3, 5]]"
164,164,[CH3:1][C@@H:2]([Cl:3])[C@@H:4]([NH2:5])[C:6]#[N:7].[Cl-:8],"[[2, 1, 3, 7], [2, 1, 7]]"
165,165,[CH3:1][C@H:2]([NH2:3])[C@@H:4]([CH3:5])[Cl:6].[Cl-:7],"[[5, 3, 1, 6], [5, 3, 6]]"
166,166,[CH3:1][C@@H:2]([Br:3])[CH2:4][NH2:5].[F-:6],"[[2, 1, 5], [2, 1, 3, 5]]"
167,167,[CH3:1][C@@H:2]([Br:3])[CH:4]([NH2:5])[NH2:6].[F-:7],"[[2, 1, 3, 6], [2, 1, 6]]"
168,168,[CH3:1][C@H:2]([NH2:3])[C@@H:4]([CH3:5])[Br:6].[Cl-:7],"[[5, 3, 1, 6], [5, 3, 6]]"
169,169,[CH3:1][C@@H:2]([F:3])[C@@H:4]([NH2:5])[C:6]#[N:7].[H-:8],"[[2, 1, 7], [2, 1, 3, 7]]"
170,170,[CH3:1][C@@H:2]([C:3]#[N:4])[C:5]([CH3:6])([CH3:7])[F:8].[H-:9],"[[7, 4, 8], [7, 4, 1, 8]]"
171,171,[CH3:1][C@@H:2]([C:3]#[N:4])[C@:5]([CH3:6])([NH2:7])[F:8].[H-:9],"[[7, 4, 8], [7, 4, 1, 8]]"
172,172,[CH3:1][C@@H:2]([C:3]#[N:4])[C@@H:5]([CH3:6])[F:7].[H-:8],"[[6, 4, 7], [6, 4, 1, 7]]"
175,175,[CH3:1][C@@H:2]([Cl:3])[C@H:4]([CH3:5])[C:6]#[N:7].[F-:8],"[[2, 1, 7], [2, 1, 3, 7]]"
177,177,[CH3:1][CH2:2][C@@:3]([CH3:4])([Cl:5])[C:6]#[N:7].[Cl-:8],"[[4, 2, 1, 7], [4, 2, 7]]"
178,178,[CH3:1][CH2:2][C:3]([CH3:4])([CH3:5])[Br:6].[H-:7],"[[5, 2, 6], [5, 2, 1, 6]]"
179,179,[CH3:1][C@H:2]([NH2:3])[C@@H:4]([CH3:5])[Br:6].[F-:7],"[[5, 3, 6], [5, 3, 1, 6]]"
180,180,[CH3:1][CH2:2][C@@:3]([CH3:4])([Br:5])[N+:6](=[O:7])[O-:8].[F-:9],"[[4, 2, 8], [4, 2, 1, 8]]"
182,182,[CH3:1][C@H:2]([C:3]#[N:4])[C@H:5]([F:6])[C:7]#[N:8].[H-:9],"[[5, 4, 8], [5, 4, 1, 8]]"
183,183,[CH3:1][C@@H:2]([F:3])[C@H:4]([CH3:5])[C:6]#[N:7].[H-:8],"[[2, 1, 7], [2, 1, 3, 7]]"
184,184,[CH3:1][CH:2]([CH3:3])[C@H:4]([F:5])[N+:6](=[O:7])[O-:8].[H-:9],"[[4, 3, 8], [4, 3, 1, 8]]"
185,185,[CH3:1][CH:2]([CH3:3])[C@@H:4]([CH3:5])[Br:6].[H-:7],"[[5, 3, 6], [5, 3, 1, 6]]"
186,186,[CH3:1][CH2:2][C@@H:3]([CH3:4])[F:5].[H-:6],"[[4, 2, 5], [4, 2, 1, 5]]"
187,187,[CH3:1][C@@H:2]([F:3])[CH:4]([NH2:5])[NH2:6].[H-:7],"[[2, 1, 6], [2, 1, 3, 6]]"
188,188,[CH3:1][C@H:2]([NH2:3])[C@@H:4]([CH3:5])[Cl:6].[H-:7],"[[5, 3, 6], [5, 3, 1, 6]]"
189,189,[CH3:1][C@@H:2]([Br:3])[C@@H:4]([NH2:5])[C:6]#[N:7].[H-:8],"[[2, 1, 7], [2, 1, 3, 7]]"
190,190,[CH3:1][C@H:2]([NH2:3])[C@@H:4]([CH3:5])[Br:6].[H-:7],"[[5, 3, 6], [5, 3, 1, 6]]"
191,191,[CH3:1][C@@H:2]([Br:3])[CH2:4][NH2:5].[H-:6],"[[2, 1, 5], [2, 1, 3, 5]]"
193,193,[CH3:1][C@H:2]([NH2:3])[C@@H:4]([NH2:5])[Br:6].[H-:7],"[[5, 3, 6], [5, 3, 1, 6]]"
194,194,[CH3:1][C@H:2]([NH2:3])[C:4]([CH3:5])([CH3:6])[Br:7].[H-:8],"[[6, 3, 7], [6, 3, 1, 7]]"
195,195,[CH3:1][C:2]([CH3:3])([F:4])[CH2:5][NH2:6].[H-:7],"[[3, 1, 6], [3, 1, 4, 6]]"
199,199,[CH3:1][C@@H:2]([Br:3])[C@H:4]([NH2:5])[C:6]#[N:7].[H-:8],"[[2, 1, 7], [2, 1, 3, 7]]"
202,202,[CH3:1][C@:2]([Br:3])([C:4]#[N:5])[CH2:6][NH2:7].[F-:8],"[[2, 1, 7], [2, 1, 5, 7]]"
204,204,[CH3:1][CH2:2][C@@H:3]([CH3:4])[Br:5].[Cl-:6],"[[4, 2, 1, 5], [4, 2, 5]]"
205,205,[CH3:1][C@@H:2]([Br:3])[C@H:4]([NH2:5])[N+:6](=[O:7])[O-:8].[Cl-:9],"[[2, 1, 3, 8], [2, 1, 8]]"
206,206,[CH3:1][C@:2]([Br:3])([C:4]#[N:5])[CH2:6][NH2:7].[Cl-:8],"[[2, 1, 7], [2, 1, 5, 7]]"
207,207,[NH2:1][C@@H:2]([F:3])[C@H:4]([NH2:5])[N+:6](=[O:7])[O-:8].[H-:9],"[[2, 1, 8], [2, 1, 3, 8]]"
208,208,[CH3:1][C@@H:2]([NH2:3])[C:4]([CH3:5])([CH3:6])[F:7].[H-:8],"[[6, 3, 7], [6, 3, 1, 7]]"
209,209,[CH3:1][C@@H:2]([Cl:3])[CH:4]([NH2:5])[NH2:6].[H-:7],"[[2, 1, 6], [2, 1, 3, 6]]"
210,210,[CH3:1][C@@H:2]([NH2:3])[C@@H:4]([CH3:5])[Cl:6].[H-:7],"[[5, 3, 6], [5, 3, 1, 6]]"
211,211,[CH3:1][C@@H:2]([Cl:3])[C@H:4]([NH2:5])[C:6]#[N:7].[F-:8],"[[2, 1, 7], [2, 1, 3, 7]]"
212,212,[CH3:1][C@@H:2]([NH2:3])[C@@H:4]([CH3:5])[Cl:6].[Cl-:7],"[[5, 3, 1, 6], [5, 3, 6]]"
213,213,[CH3:1][C@@H:2]([NH2:3])[C@@H:4]([CH3:5])[Cl:6].[Br-:7],"[[5, 3, 1, 6], [5, 3, 6]]"
214,214,[CH3:1][C@@H:2]([NH2:3])[C@@H:4]([CH3:5])[Cl:6].[F-:7],"[[5, 3, 6], [5, 3, 1, 6]]"
215,215,[CH3:1][C@@H:2]([Cl:3])[C@@H:4]([CH3:5])[N+:6](=[O:7])[O-:8].[Cl-:9],"[[2, 1, 3, 8], [2, 1, 8]]"
217,217,[CH3:1][C@@H:2]([Cl:3])[C@H:4]([NH2:5])[N+:6](=[O:7])[O-:8].[Cl-:9],"[[2, 1, 8], [2, 1, 3, 8]]"
218,218,[CH3:1][C@@H:2]([Cl:3])[CH:4]([NH2:5])[NH2:6].[Cl-:7],"[[2, 1, 3, 6], [2, 1, 6]]"
219,219,[CH3:1][C@@H:2]([NH2:3])[C@@:4]([CH3:5])([Cl:6])[N+:7](=[O:8])[O-:9].[Cl-:10],"[[5, 3, 9], [5, 3, 1, 9]]"
220,220,[CH3:1][C@@H:2]([NH2:3])[C@H:4]([Cl:5])[C:6]#[N:7].[Br-:8],"[[4, 3, 1, 7], [4, 3, 7]]"
222,222,[CH3:1][C@@H:2]([Cl:3])[CH:4]([NH2:5])[NH2:6].[Br-:7],"[[2, 1, 3, 6], [2, 1, 6]]"
223,223,[CH3:1][C@@H:2]([NH2:3])[C@@:4]([CH3:5])([Br:6])[N+:7](=[O:8])[O-:9].[H-:10],"[[5, 3, 9], [5, 3, 1, 9]]"
224,224,[CH3:1][C@@H:2]([NH2:3])[C@@H:4]([CH3:5])[Br:6].[H-:7],"[[5, 3, 6], [5, 3, 1, 6]]"
225,225,[CH3:1][C@@H:2]([C:3]#[N:4])[C@@H:5]([CH3:6])[Br:7].[F-:8],"[[6, 4, 7], [6, 4, 1, 7]]"
226,226,[CH3:1][C@@H:2]([NH2:3])[C@@H:4]([CH3:5])[Br:6].[Cl-:7],"[[5, 3, 1, 6], [5, 3, 6]]"
227,227,[CH3:1][C@@H:2]([NH2:3])[C@H:4]([Br:5])[C:6]#[N:7].[Cl-:8],"[[4, 3, 1, 7], [4, 3, 7]]"
229,229,[CH3:1][CH:2]([CH3:3])[C@@H:4]([CH3:5])[Br:6].[Cl-:7],"[[5, 3, 1, 6], [5, 3, 6]]"
230,230,[CH3:1][C@@H:2]([Br:3])[CH:4]([NH2:5])[NH2:6].[Cl-:7],"[[2, 1, 6], [2, 1, 3, 6]]"
231,231,[CH3:1][C@@H:2]([NH2:3])[C@@:4]([CH3:5])([Br:6])[C:7]#[N:8].[Cl-:9],"[[5, 3, 8], [5, 3, 1, 8]]"
232,232,[CH3:1][C@@H:2]([NH2:3])[C@H:4]([Br:5])[N+:6](=[O:7])[O-:8].[Br-:9],"[[4, 3, 1, 8], [4, 3, 8]]"
233,233,[CH3:1][C@@H:2]([Br:3])[CH2:4][NH2:5].[Br-:6],"[[2, 1, 3, 5], [2, 1, 5]]"
234,234,[CH3:1][C@@H:2]([NH2:3])[Cl:4].[H-:5],"[[3, 1, 4], [3, 1, 0, 4]]"
235,235,[CH3:1][C@@H:2]([C@@H:3]([NH2:4])[F:5])[N+:6](=[O:7])[O-:8].[H-:9],"[[4, 2, 8], [4, 2, 1, 8]]"
236,236,[NH2:1][C@@H:2]([F:3])[CH2:4][N+:5](=[O:6])[O-:7].[H-:8],"[[2, 1, 7], [2, 1, 3, 7]]"
237,237,[CH3:1][C@@H:2]([F:3])[CH2:4][C:5]#[N:6].[H-:7],"[[2, 1, 6], [2, 1, 3, 6]]"
238,238,[N:1]#[C:2][CH2:3][C@@:4]([NH2:5])([F:6])[C:7]#[N:8].[H-:9],"[[5, 3, 8], [5, 3, 2, 8]]"
239,239,[N:1]#[C:2][CH2:3][C@@H:4]([NH2:5])[Cl:6].[F-:7],"[[5, 3, 6], [5, 3, 2, 6]]"
240,240,[N:1]#[C:2][C@@H:3]([NH2:4])[C@@H:5]([NH2:6])[Cl:7].[H-:8],"[[6, 4, 7], [6, 4, 2, 7]]"
241,241,[N:1]#[C:2][CH2:3][C@@H:4]([NH2:5])[Br:6].[H-:7],"[[5, 3, 6], [5, 3, 2, 6]]"
242,242,[N:1]#[C:2][C@@H:3]([NH2:4])[C@@H:5]([NH2:6])[Br:7].[F-:8],"[[6, 4, 7], [6, 4, 2, 7]]"
243,243,[N:1]#[C:2][CH2:3][C@@H:4]([NH2:5])[Br:6].[F-:7],"[[5, 3, 6], [5, 3, 2, 6]]"
244,244,[CH3:1][CH2:2][C@@:3]([NH2:4])([F:5])[C:6]#[N:7].[H-:8],"[[4, 2, 7], [4, 2, 1, 7]]"
245,245,[CH3:1][C@@H:2]([NH2:3])[C@@H:4]([NH2:5])[Cl:6].[H-:7],"[[5, 3, 6], [5, 3, 1, 6]]"
246,246,[CH3:1][CH2:2][CH2:3][Cl:4].[F-:5],"[[3, 2, 4], [3, 2, 1, 4]]"
247,247,[CH3:1][CH2:2][C@@:3]([NH2:4])([Cl:5])[N+:6](=[O:7])[O-:8].[F-:9],"[[4, 2, 8], [4, 2, 1, 8]]"
248,248,[CH3:1][CH2:2][C@@H:3]([NH2:4])[Cl:5].[F-:6],"[[4, 2, 1, 5], [4, 2, 5]]"
249,249,[CH3:1][C@@H:2]([C:3]#[N:4])[C@@H:5]([NH2:6])[Br:7].[H-:8],"[[6, 4, 7], [6, 4, 1, 7]]"
250,250,[NH2:1][CH2:2][C@@H:3]([NH2:4])[Br:5].[F-:6],"[[4, 2, 1, 5], [4, 2, 5]]"
251,251,[CH3:1][C@@H:2]([NH2:3])[C@@H:4]([NH2:5])[Br:6].[F-:7],"[[5, 3, 1, 6], [5, 3, 6]]"
252,252,[CH3:1][CH2:2][C@@:3]([NH2:4])([Br:5])[N+:6](=[O:7])[O-:8].[F-:9],"[[4, 2, 8], [4, 2, 1, 8]]"
253,253,[CH3:1][CH2:2][C@@H:3]([NH2:4])[Br:5].[F-:6],"[[4, 2, 1, 5], [4, 2, 5]]"
254,254,[N:1]#[C:2][C@H:3]([NH2:4])[C@@H:5]([NH2:6])[Cl:7].[F-:8],"[[6, 4, 7], [6, 4, 2, 7]]"
255,255,[NH2:1][C@@H:2]([Cl:3])[CH2:4][N+:5](=[O:6])[O-:7].[H-:8],"[[2, 1, 7], [2, 1, 3, 7]]"
256,256,[N:1]#[C:2][C@H:3]([C@@H:4]([NH2:5])[Cl:6])[N+:7](=[O:8])[O-:9].[F-:10],"[[5, 3, 9], [5, 3, 2, 9]]"
257,257,[CH3:1][C@:2]([NH2:3])([Cl:4])[CH2:5][C:6]#[N:7].[H-:8],"[[3, 1, 7], [3, 1, 4, 7]]"
258,258,[CH3:1][C@@H:2]([NH2:3])[Br:4].[H-:5],"[[3, 1, 0, 4], [3, 1, 4]]"
259,259,[N:1]#[C:2][CH2:3][C@@:4]([NH2:5])([Br:6])[N+:7](=[O:8])[O-:9].[H-:10],"[[5, 3, 9], [5, 3, 2, 9]]"
261,261,[N:1]#[C:2][CH2:3][C@@:4]([NH2:5])([Br:6])[N+:7](=[O:8])[O-:9].[F-:10],"[[5, 3, 9], [5, 3, 2, 9]]"
263,263,[CH3:1][C@@H:2]([C:3]#[N:4])[C@@H:5]([NH2:6])[F:7].[F-:8],"[[6, 4, 7], [6, 4, 1, 7]]"
264,264,[CH3:1][C@@H:2]([C:3]#[N:4])[C@@:5]([NH2:6])([F:7])[C:8]#[N:9].[H-:10],"[[6, 4, 9], [6, 4, 1, 9]]"
265,265,[CH3:1][C@@H:2]([C:3]#[N:4])[C@@H:5]([NH2:6])[F:7].[H-:8],"[[6, 4, 7], [6, 4, 1, 7]]"
266,266,[CH3:1][C@@H:2]([C:3]#[N:4])[C@H:5]([Cl:6])[N+:7](=[O:8])[O-:9].[H-:10],"[[5, 4, 9], [5, 4, 1, 9]]"
267,267,[CH3:1][C@@H:2]([C:3]#[N:4])[C@@H:5]([NH2:6])[Cl:7].[H-:8],"[[6, 4, 7], [6, 4, 1, 7]]"
268,268,[CH3:1][C@@H:2]([C:3]#[N:4])[CH2:5][Br:6].[H-:7],"[[5, 4, 6], [5, 4, 1, 6]]"
269,269,[CH3:1][CH:2]([CH3:3])[C@@H:4]([NH2:5])[Br:6].[F-:7],"[[5, 3, 6], [5, 3, 1, 6]]"
270,270,[CH3:1][C@@H:2]([C:3]#[N:4])[C@@:5]([NH2:6])([Br:7])[N+:8](=[O:9])[O-:10].[F-:11],"[[6, 4, 10], [6, 4, 1, 10]]"
271,271,[CH3:1][C@@H:2]([C:3]#[N:4])[C@@:5]([NH2:6])([Br:7])[C:8]#[N:9].[F-:10],"[[6, 4, 9], [6, 4, 1, 9]]"
272,272,[CH3:1][C@@H:2]([C:3]#[N:4])[C@@H:5]([NH2:6])[Br:7].[F-:8],"[[6, 4, 7], [6, 4, 1, 7]]"
273,273,[N:1]#[C:2][C@H:3]([NH2:4])[C@@:5]([NH2:6])([Cl:7])[C:8]#[N:9].[H-:10],"[[6, 4, 9], [6, 4, 2, 9]]"
274,274,[CH3:1][C@H:2]([C:3]#[N:4])[C@@H:5]([NH2:6])[Cl:7].[F-:8],"[[6, 4, 7], [6, 4, 1, 7]]"
275,275,[CH3:1][C@H:2]([NH2:3])[C@@H:4]([NH2:5])[Cl:6].[F-:7],"[[5, 3, 6], [5, 3, 1, 6]]"
276,276,[CH3:1][CH2:2][C@@H:3]([NH2:4])[Br:5].[H-:6],"[[4, 2, 5], [4, 2, 1, 5]]"
277,277,[CH3:1][C@@H:2]([C@@H:3]([NH2:4])[Br:5])[N+:6](=[O:7])[O-:8].[F-:9],"[[4, 2, 8], [4, 2, 1, 8]]"
278,278,[CH3:1][C@H:2]([C:3]#[N:4])[C@@H:5]([NH2:6])[Br:7].[F-:8],"[[6, 4, 7], [6, 4, 1, 7]]"
279,279,[CH3:1][C@H:2]([C:3]#[N:4])[C@@:5]([NH2:6])([F:7])[N+:8](=[O:9])[O-:10].[H-:11],"[[6, 4, 10], [6, 4, 1, 10]]"
280,280,[CH3:1][C@H:2]([C:3]#[N:4])[C@@H:5]([NH2:6])[Br:7].[H-:8],"[[6, 4, 7], [6, 4, 1, 7]]"
281,281,[CH3:1][CH:2]([CH3:3])[CH2:4][Cl:5].[H-:6],"[[4, 3, 1, 5], [4, 3, 5]]"
282,282,[CH3:1][CH:2]([CH3:3])[C@@H:4]([NH2:5])[Cl:6].[H-:7],"[[5, 3, 6], [5, 3, 1, 6]]"
283,283,[CH3:1][CH:2]([CH3:3])[C@@H:4]([NH2:5])[Br:6].[H-:7],"[[5, 3, 6], [5, 3, 1, 6]]"
284,284,[CH3:1][C@H:2]([C:3]#[N:4])[C@@H:5]([NH2:6])[F:7].[H-:8],"[[6, 4, 7], [6, 4, 1, 7]]"
285,285,[CH3:1][C@H:2]([NH2:3])[C@@H:4]([NH2:5])[F:6].[H-:7],"[[5, 3, 6], [5, 3, 1, 6]]"
286,286,[CH3:1][C@@H:2]([NH2:3])[Cl:4].[F-:5],"[[3, 1, 4], [3, 1, 0, 4]]"
287,287,[NH2:1][CH:2]([NH2:3])[C@@H:4]([NH2:5])[Cl:6].[F-:7],"[[5, 3, 1, 6], [5, 3, 6]]"
289,289,[N:1]#[C:2][C@@H:3]([NH2:4])[C@@H:5]([NH2:6])[Br:7].[H-:8],"[[6, 4, 7], [6, 4, 2, 7]]"
290,290,[CH3:1][C@@H:2]([NH2:3])[C@@H:4]([NH2:5])[Br:6].[H-:7],"[[5, 3, 6], [5, 3, 1, 6]]"
291,291,[NH2:1][CH:2]([NH2:3])[C@@H:4]([NH2:5])[Br:6].[H-:7],"[[5, 3, 6], [5, 3, 1, 6]]"
292,292,[NH2:1][CH2:2][C@@H:3]([NH2:4])[Br:5].[H-:6],"[[4, 2, 5], [4, 2, 1, 5]]"
293,293,[N:1]#[C:2][C@@H:3]([NH2:4])[C@@H:5]([NH2:6])[F:7].[H-:8],"[[6, 4, 7], [6, 4, 2, 7]]"
294,294,[CH3:1][C@@H:2]([NH2:3])[C@H:4]([F:5])[N+:6](=[O:7])[O-:8].[H-:9],"[[4, 3, 1, 8], [4, 3, 8]]"
295,295,[NH2:1][CH:2]([NH2:3])[C@@H:4]([NH2:5])[F:6].[H-:7],"[[5, 3, 6], [5, 3, 1, 6]]"
296,296,[CH3:1][C@@H:2]([NH2:3])[C@@:4]([NH2:5])([F:6])[N+:7](=[O:8])[O-:9].[H-:10],"[[5, 3, 9], [5, 3, 1, 9]]"
297,297,[CH3:1][C@@H:2]([NH2:3])[C@@:4]([CH3:5])([NH2:6])[F:7].[H-:8],"[[6, 3, 7], [6, 3, 1, 7]]"
298,298,[CH3:1][C@@H:2]([NH2:3])[C@@H:4]([CH3:5])[Br:6].[F-:7],"[[5, 3, 6], [5, 3, 1, 6]]"
299,299,[CH3:1][C@@H:2]([F:3])[N+:4](=[O:5])[O-:6].[Cl-:7],"[[2, 1, 0, 6], [2, 1, 6]]"
300,300,[CH3:1][C:2]([CH3:3])([Cl:4])[N+:5](=[O:6])[O-:7].[F-:8],"[[3, 1, 7], [3, 1, 0, 7]]"
301,301,[CH3:1][C@@H:2]([Br:3])[N+:4](=[O:5])[O-:6].[Br-:7],"[[2, 1, 0, 6], [2, 1, 6]]"
302,302,[CH3:1][CH:2]([CH3:3])[Br:4].[H-:5],"[[3, 1, 4], [3, 1, 0, 4]]"
303,303,[CH3:1][C@@H:2]([Br:3])[N+:4](=[O:5])[O-:6].[F-:7],"[[2, 1, 0, 6], [2, 1, 6]]"
306,306,[CH3:1][CH2:2][C@:3]([F:4])([C:5]#[N:6])[N+:7](=[O:8])[O-:9].[H-:10],"[[3, 2, 1, 9], [3, 2, 9]]"
307,307,[CH3:1][C@H:2]([C:3]#[N:4])[C@@:5]([NH2:6])([Cl:7])[N+:8](=[O:9])[O-:10].[H-:11],"[[6, 4, 10], [6, 4, 1, 10]]"
308,308,[CH3:1][C@H:2]([NH2:3])[C@@H:4]([Cl:5])[N+:6](=[O:7])[O-:8].[H-:9],"[[4, 3, 8], [4, 3, 1, 8]]"
309,309,[CH3:1][C@H:2]([NH2:3])[C@@H:4]([Br:5])[N+:6](=[O:7])[O-:8].[Cl-:9],"[[4, 3, 1, 8], [4, 3, 8]]"
310,310,[CH3:1][C@H:2]([C:3]#[N:4])[C@@H:5]([Br:6])[N+:7](=[O:8])[O-:9].[Cl-:10],"[[5, 4, 9], [5, 4, 1, 9]]"
311,311,[NH2:1][CH:2]([NH2:3])[C@@H:4]([Br:5])[N+:6](=[O:7])[O-:8].[Cl-:9],"[[4, 3, 1, 8], [4, 3, 8]]"
312,312,[CH3:1][C@H:2]([NH2:3])[C@H:4]([CH3:5])[Br:6].[Cl-:7],"[[5, 3, 1, 6], [5, 3, 6]]"
314,314,[CH3:1][C@@H:2]([NH2:3])[C@@H:4]([Cl:5])[N+:6](=[O:7])[O-:8].[H-:9],"[[4, 3, 1, 8], [4, 3, 8]]"
315,315,[NH2:1][CH2:2][C@H:3]([NH2:4])[Cl:5].[H-:6],"[[4, 2, 1, 5], [4, 2, 5]]"
316,316,[NH2:1][CH2:2][C@@H:3]([Cl:4])[N+:5](=[O:6])[O-:7].[H-:8],"[[3, 2, 1, 7], [3, 2, 7]]"
318,318,[NH2:1][C@@H:2]([C@@H:3]([Cl:4])[N+:5](=[O:6])[O-:7])[N+:8](=[O:9])[O-:10].[F-:11],"[[3, 2, 10], [3, 2, 1, 10]]"
319,319,[CH3:1][C@@H:2]([NH2:3])[C@@H:4]([Cl:5])[N+:6](=[O:7])[O-:8].[F-:9],"[[4, 3, 1, 8], [4, 3, 8]]"
320,320,[NH2:1][CH2:2][C@@H:3]([Cl:4])[N+:5](=[O:6])[O-:7].[Br-:8],"[[3, 2, 1, 7], [3, 2, 7]]"
321,321,[CH3:1][C@@H:2]([NH2:3])[C@@H:4]([Cl:5])[N+:6](=[O:7])[O-:8].[Cl-:9],"[[4, 3, 1, 8], [4, 3, 8]]"
322,322,[N:1]#[C:2][C@@:3]([Cl:4])([CH2:5][NH2:6])[N+:7](=[O:8])[O-:9].[Cl-:10],"[[3, 2, 4, 9], [3, 2, 9]]"
323,323,[NH2:1][CH2:2][C@@H:3]([Cl:4])[N+:5](=[O:6])[O-:7].[Cl-:8],"[[3, 2, 1, 7], [3, 2, 7]]"
324,324,[NH2:1][CH2:2][C@@H:3]([Br:4])[N+:5](=[O:6])[O-:7].[Cl-:8],"[[3, 2, 1, 7], [3, 2, 7]]"
326,326,[NH2:1][CH:2]([NH2:3])[C@@H:4]([Br:5])[N+:6](=[O:7])[O-:8].[F-:9],"[[4, 3, 1, 8], [4, 3, 8]]"
327,327,[NH2:1][CH:2]([NH2:3])[CH2:4][F:5].[Br-:6],"[[4, 3, 1, 5], [4, 3, 5]]"
328,328,[NH2:1][CH:2]([NH2:3])[C@@H:4]([F:5])[N+:6](=[O:7])[O-:8].[H-:9],"[[4, 3, 8], [4, 3, 1, 8]]"
329,329,[NH2:1][CH:2]([NH2:3])[C@@H:4]([Cl:5])[N+:6](=[O:7])[O-:8].[F-:9],"[[4, 3, 8], [4, 3, 1, 8]]"
330,330,[NH2:1][CH:2]([NH2:3])[C@@H:4]([Cl:5])[N+:6](=[O:7])[O-:8].[Br-:9],"[[4, 3, 1, 8], [4, 3, 8]]"
331,331,[NH2:1][CH:2]([NH2:3])[C@@H:4]([Cl:5])[N+:6](=[O:7])[O-:8].[H-:9],"[[4, 3, 8], [4, 3, 1, 8]]"
332,332,[NH2:1][CH:2]([NH2:3])[C@@:4]([NH2:5])([Cl:6])[N+:7](=[O:8])[O-:9].[F-:10],"[[5, 3, 9], [5, 3, 1, 9]]"
333,333,[NH2:1][CH:2]([NH2:3])[C@@H:4]([Br:5])[N+:6](=[O:7])[O-:8].[H-:9],"[[4, 3, 1, 8], [4, 3, 8]]"
334,334,[CH3:1][C@H:2]([F:3])[C:4]#[N:5].[H-:6],"[[2, 1, 5], [2, 1, 0, 5]]"
335,335,[CH3:1][C@:2]([F:3])([C:4]#[N:5])[N+:6](=[O:7])[O-:8].[H-:9],"[[2, 1, 0, 8], [2, 1, 8]]"
336,336,[CH3:1][C@:2]([Cl:3])([C:4]#[N:5])[N+:6](=[O:7])[O-:8].[F-:9],"[[2, 1, 8], [2, 1, 0, 8]]"
337,337,[CH3:1][CH2:2][C:3]([F:4])([C:5]#[N:6])[C:7]#[N:8].[H-:9],"[[3, 2, 1, 8], [3, 2, 8]]"
338,338,[CH3:1][CH2:2][C@:3]([Cl:4])([C:5]#[N:6])[N+:7](=[O:8])[O-:9].[F-:10],"[[3, 2, 1, 9], [3, 2, 9]]"
339,339,[CH3:1][C:2]([CH3:3])([F:4])[N+:5](=[O:6])[O-:7].[Cl-:8],"[[3, 1, 0, 7], [3, 1, 7]]"
340,340,[CH3:1][C:2]([CH3:3])([F:4])[N+:5](=[O:6])[O-:7].[H-:8],"[[3, 1, 7], [3, 1, 0, 7]]"
342,342,[CH3:1][CH2:2][C@@H:3]([F:4])[N+:5](=[O:6])[O-:7].[H-:8],"[[3, 2, 7], [3, 2, 1, 7]]"
343,343,[CH3:1][CH2:2][C@@:3]([CH3:4])([F:5])[C:6]#[N:7].[H-:8],"[[4, 2, 7], [4, 2, 1, 7]]"
344,344,[CH3:1][CH2:2][C@@:3]([CH3:4])([F:5])[N+:6](=[O:7])[O-:8].[H-:9],"[[4, 2, 8], [4, 2, 1, 8]]"
345,345,[NH2:1][CH2:2][C@@H:3]([F:4])[N+:5](=[O:6])[O-:7].[H-:8],"[[3, 2, 7], [3, 2, 1, 7]]"
346,346,[CH3:1][C@@:2]([F:3])([CH2:4][NH2:5])[N+:6](=[O:7])[O-:8].[H-:9],"[[2, 1, 8], [2, 1, 3, 8]]"
347,347,[CH3:1][C@H:2]([NH2:3])[C@@:4]([CH3:5])([Cl:6])[N+:7](=[O:8])[O-:9].[F-:10],"[[5, 3, 9], [5, 3, 1, 9]]"
350,350,[CH3:1][CH:2]([CH3:3])[C@@:4]([CH3:5])([F:6])[N+:7](=[O:8])[O-:9].[H-:10],"[[5, 3, 9], [5, 3, 1, 9]]"
351,351,[CH3:1][CH2:2][C@@:3]([NH2:4])([F:5])[N+:6](=[O:7])[O-:8].[H-:9],"[[4, 2, 8], [4, 2, 1, 8]]"
352,352,[CH3:1][CH:2]([CH3:3])[C@@:4]([CH3:5])([Cl:6])[N+:7](=[O:8])[O-:9].[F-:10],"[[5, 3, 9], [5, 3, 1, 9]]"
353,353,[CH3:1][CH2:2][C@@:3]([CH3:4])([Cl:5])[N+:6](=[O:7])[O-:8].[F-:9],"[[4, 2, 8], [4, 2, 1, 8]]"
355,355,[CH3:1][C@@H:2]([NH2:3])[C@@:4]([CH3:5])([F:6])[N+:7](=[O:8])[O-:9].[H-:10],"[[5, 3, 9], [5, 3, 1, 9]]"
357,357,[CH3:1][C@@H:2]([NH2:3])[C@@H:4]([CH3:5])[F:6].[H-:7],"[[5, 3, 6], [5, 3, 1, 6]]"
358,358,[CH3:1][C@@H:2]([NH2:3])[F:4].[H-:5],"[[3, 1, 4], [3, 1, 0, 4]]"
359,359,[CH3:1][C@@:2]([NH2:3])([F:4])[N+:5](=[O:6])[O-:7].[H-:8],"[[3, 1, 7], [3, 1, 0, 7]]"
360,360,[CH3:1][C@@:2]([NH2:3])([Cl:4])[N+:5](=[O:6])[O-:7].[H-:8],"[[3, 1, 0, 7], [3, 1, 7]]"
361,361,[CH3:1][C@@:2]([NH2:3])([Cl:4])[N+:5](=[O:6])[O-:7].[F-:8],"[[3, 1, 7], [3, 1, 0, 7]]"
362,362,[CH3:1][C@@:2]([NH2:3])([Br:4])[N+:5](=[O:6])[O-:7].[H-:8],"[[3, 1, 7], [3, 1, 0, 7]]"
363,363,[CH3:1][CH2:2][C@@:3]([NH2:4])([Cl:5])[N+:6](=[O:7])[O-:8].[H-:9],"[[4, 2, 1, 8], [4, 2, 8]]"
364,364,[CH3:1][CH2:2][C@@:3]([CH3:4])([Cl:5])[N+:6](=[O:7])[O-:8].[Cl-:9],"[[4, 2, 1, 8], [4, 2, 8]]"
368,368,[NH2:1][CH2:2][C@@:3]([NH2:4])([Cl:5])[N+:6](=[O:7])[O-:8].[F-:9],"[[4, 2, 1, 8], [4, 2, 8]]"
370,370,[N:1]#[C:2][C@:3]([NH2:4])([Cl:5])[CH2:6][N+:7](=[O:8])[O-:9].[F-:10],"[[4, 2, 9], [4, 2, 5, 9]]"
371,371,[NH2:1][C@@:2]([Cl:3])([CH2:4][N+:5](=[O:6])[O-:7])[N+:8](=[O:9])[O-:10].[F-:11],"[[2, 1, 10], [2, 1, 3, 10]]"
372,372,[NH2:1][CH2:2][C@@:3]([NH2:4])([Cl:5])[N+:6](=[O:7])[O-:8].[H-:9],"[[4, 2, 1, 8], [4, 2, 8]]"
374,374,[N:1]#[C:2][CH2:3][C@@:4]([NH2:5])([Cl:6])[N+:7](=[O:8])[O-:9].[H-:10],"[[5, 3, 9], [5, 3, 2, 9]]"
376,376,[CH3:1][C@@H:2]([NH2:3])[C@@:4]([NH2:5])([Cl:6])[N+:7](=[O:8])[O-:9].[H-:10],"[[5, 3, 1, 9], [5, 3, 9]]"
377,377,[N:1]#[C:2][C@@:3]([F:4])([CH:5]([NH2:6])[NH2:7])[N+:8](=[O:9])[O-:10].[H-:11],"[[3, 2, 10], [3, 2, 4, 10]]"
378,378,[N:1]#[C:2][C@:3]([NH2:4])([F:5])[CH:6]([NH2:7])[NH2:8].[H-:9],"[[4, 2, 8], [4, 2, 5, 8]]"
379,379,[NH2:1][CH:2]([NH2:3])[C@@:4]([NH2:5])([F:6])[N+:7](=[O:8])[O-:9].[H-:10],"[[5, 3, 9], [5, 3, 1, 9]]"
380,380,[NH2:1][CH:2]([NH2:3])[C@@H:4]([NH2:5])[Cl:6].[H-:7],"[[5, 3, 6], [5, 3, 1, 6]]"
381,381,[CH3:1][C@:2]([NH2:3])([Cl:4])[CH:5]([NH2:6])[NH2:7].[H-:8],"[[3, 1, 7], [3, 1, 4, 7]]"
382,382,[CH3:1][C@@H:2]([F:3])[C:4]#[N:5].[H-:6],"[[2, 1, 5], [2, 1, 0, 5]]"
383,383,[CH3:1][C@@H:2]([NH2:3])[C@@H:4]([F:5])[C:6]#[N:7].[H-:8],"[[4, 3, 7], [4, 3, 1, 7]]"
384,384,[CH3:1][C@@H:2]([C:3]#[N:4])[C@@H:5]([F:6])[C:7]#[N:8].[F-:9],"[[5, 4, 8], [5, 4, 1, 8]]"
385,385,[CH3:1][CH2:2][C:3]([F:4])([C:5]#[N:6])[C:7]#[N:8].[F-:9],"[[3, 2, 8], [3, 2, 1, 8]]"
386,386,[CH3:1][CH2:2][C@@H:3]([F:4])[C:5]#[N:6].[F-:7],"[[3, 2, 6], [3, 2, 1, 6]]"
387,387,[CH3:1][CH2:2][C@@H:3]([Cl:4])[N+:5](=[O:6])[O-:7].[H-:8],"[[3, 2, 1, 7], [3, 2, 7]]"
389,389,[CH3:1][CH:2]([CH3:3])[C@@H:4]([Cl:5])[C:6]#[N:7].[F-:8],"[[4, 3, 7], [4, 3, 1, 7]]"
390,390,[CH3:1][CH2:2][C@@H:3]([Cl:4])[C:5]#[N:6].[F-:7],"[[3, 2, 6], [3, 2, 1, 6]]"
391,391,[CH3:1][C@@H:2]([Cl:3])[C:4]#[N:5].[Cl-:6],"[[2, 1, 0, 5], [2, 1, 5]]"
392,392,[CH3:1][CH2:2][C@@H:3]([Br:4])[N+:5](=[O:6])[O-:7].[Cl-:8],"[[3, 2, 1, 7], [3, 2, 7]]"
395,395,[N:1]#[C:2][C@H:3]([NH2:4])[C@@H:5]([Cl:6])[C:7]#[N:8].[Cl-:9],"[[5, 4, 2, 8], [5, 4, 8]]"
398,398,[CH3:1][C@H:2]([Cl:3])[CH2:4][NH2:5].[Br-:6],"[[2, 1, 3, 5], [2, 1, 5]]"
401,401,[N:1]#[C:2][CH:3]([C:4]#[N:5])[C@@H:6]([F:7])[C:8]#[N:9].[F-:10],"[[6, 5, 2, 9], [6, 5, 9]]"
402,402,[CH3:1][CH2:2][C@@H:3]([F:4])[C:5]#[N:6].[Cl-:7],"[[3, 2, 1, 6], [3, 2, 6]]"
403,403,[CH3:1][C@@H:2]([F:3])[C:4]#[N:5].[F-:6],"[[2, 1, 5], [2, 1, 0, 5]]"
404,404,[CH3:1][CH2:2][C@@H:3]([Cl:4])[C:5]#[N:6].[Br-:7],"[[3, 2, 1, 6], [3, 2, 6]]"
406,406,[CH3:1][C@H:2]([C:3]#[N:4])[C@@H:5]([Cl:6])[C:7]#[N:8].[Cl-:9],"[[5, 4, 1, 8], [5, 4, 8]]"
407,407,[CH3:1][CH2:2][C@H:3]([CH3:4])[Cl:5].[Cl-:6],"[[4, 2, 1, 5], [4, 2, 5]]"
408,408,[CH3:1][CH2:2][CH2:3][Br:4].[H-:5],"[[3, 2, 1, 4], [3, 2, 4]]"
409,409,[CH3:1][CH2:2][C@@:3]([CH3:4])([Br:5])[C:6]#[N:7].[H-:8],"[[4, 2, 1, 7], [4, 2, 7]]"
410,410,[CH3:1][CH2:2][C@@H:3]([Br:4])[C:5]#[N:6].[F-:7],"[[3, 2, 1, 6], [3, 2, 6]]"
413,413,[CH3:1][CH:2]([CH3:3])[C@@H:4]([F:5])[N+:6](=[O:7])[O-:8].[H-:9],"[[4, 3, 8], [4, 3, 1, 8]]"
414,414,[CH3:1][CH:2]([CH3:3])[C@@H:4]([F:5])[C:6]#[N:7].[F-:8],"[[4, 3, 7], [4, 3, 1, 7]]"
415,415,[CH3:1][CH:2]([CH3:3])[C@H:4]([CH3:5])[F:6].[H-:7],"[[5, 3, 6], [5, 3, 1, 6]]"
416,416,[CH3:1][CH:2]([CH3:3])[C@@H:4]([F:5])[C:6]#[N:7].[H-:8],"[[4, 3, 7], [4, 3, 1, 7]]"
417,417,[CH3:1][CH:2]([CH3:3])[CH2:4][Cl:5].[Cl-:6],"[[4, 3, 1, 5], [4, 3, 5]]"
418,418,[CH3:1][C@H:2]([NH2:3])[C@@H:4]([F:5])[N+:6](=[O:7])[O-:8].[H-:9],"[[4, 3, 8], [4, 3, 1, 8]]"
419,419,[CH3:1][C@H:2]([NH2:3])[C@@H:4]([Cl:5])[N+:6](=[O:7])[O-:8].[F-:9],"[[4, 3, 8], [4, 3, 1, 8]]"
420,420,[CH3:1][C@H:2]([NH2:3])[C@@H:4]([Cl:5])[N+:6](=[O:7])[O-:8].[Cl-:9],"[[4, 3, 1, 8], [4, 3, 8]]"
421,421,[CH3:1][C@H:2]([NH2:3])[C:4]([Cl:5])([C:6]#[N:7])[C:8]#[N:9].[Cl-:10],"[[4, 3, 1, 9], [4, 3, 9]]"
422,422,[CH3:1][C@H:2]([NH2:3])[C@H:4]([CH3:5])[Cl:6].[Cl-:7],"[[5, 3, 1, 6], [5, 3, 6]]"
423,423,[CH3:1][CH:2]([CH3:3])[C@@H:4]([Cl:5])[C:6]#[N:7].[Br-:8],"[[4, 3, 1, 7], [4, 3, 7]]"
424,424,[CH3:1][C@H:2]([NH2:3])[C@@H:4]([Cl:5])[C:6]#[N:7].[F-:8],"[[4, 3, 7], [4, 3, 1, 7]]"
425,425,[CH3:1][C@H:2]([NH2:3])[C@@H:4]([Cl:5])[C:6]#[N:7].[Cl-:8],"[[4, 3, 1, 7], [4, 3, 7]]"
426,426,[CH3:1][C@H:2]([NH2:3])[C@@H:4]([Cl:5])[C:6]#[N:7].[Br-:8],"[[4, 3, 1, 7], [4, 3, 7]]"
427,427,[CH3:1][CH:2]([CH3:3])[C@@H:4]([Br:5])[C:6]#[N:7].[F-:8],"[[4, 3, 7], [4, 3, 1, 7]]"
428,428,[CH3:1][C@H:2]([NH2:3])[C@@H:4]([Br:5])[C:6]#[N:7].[F-:8],"[[4, 3, 1, 7], [4, 3, 7]]"
429,429,[CH3:1][C@H:2]([C:3]#[N:4])[C@@H:5]([Br:6])[C:7]#[N:8].[Cl-:9],"[[5, 4, 1, 8], [5, 4, 8]]"
430,430,[N:1]#[C:2][C:3]([Cl:4])([C:5]#[N:6])[CH2:7][NH2:8].[H-:9],"[[3, 2, 6, 8], [3, 2, 8]]"
431,431,[N:1]#[C:2][C@H:3]([Cl:4])[CH:5]([NH2:6])[NH2:7].[F-:8],"[[3, 2, 7], [3, 2, 4, 7]]"
433,433,[CH3:1][C@:2]([Cl:3])([C:4]#[N:5])[CH2:6][NH2:7].[Br-:8],"[[2, 1, 5, 7], [2, 1, 7]]"
434,434,[N:1]#[C:2][C@H:3]([Br:4])[CH:5]([NH2:6])[NH2:7].[H-:8],"[[3, 2, 4, 7], [3, 2, 7]]"
435,435,[N:1]#[C:2][C@H:3]([Br:4])[CH:5]([NH2:6])[NH2:7].[F-:8],"[[3, 2, 7], [3, 2, 4, 7]]"
436,436,[N:1]#[C:2][C@H:3]([Br:4])[CH:5]([NH2:6])[NH2:7].[Cl-:8],"[[3, 2, 4, 7], [3, 2, 7]]"
437,437,[N:1]#[C:2][C@@H:3]([NH2:4])[C@@H:5]([F:6])[C:7]#[N:8].[H-:9],"[[5, 4, 8], [5, 4, 2, 8]]"
438,438,[N:1]#[C:2][C@@H:3]([NH2:4])[C@@H:5]([Cl:6])[C:7]#[N:8].[F-:9],"[[5, 4, 8], [5, 4, 2, 8]]"
439,439,[CH3:1][C@H:2]([Cl:3])[C@@H:4]([CH3:5])[NH2:6].[F-:7],"[[2, 1, 6], [2, 1, 3, 6]]"
440,440,[CH3:1][CH2:2][C@@H:3]([Cl:4])[C:5]#[N:6].[Cl-:7],"[[3, 2, 1, 6], [3, 2, 6]]"
441,441,[CH3:1][CH:2]([CH3:3])[C@@H:4]([Cl:5])[C:6]#[N:7].[Cl-:8],"[[4, 3, 1, 7], [4, 3, 7]]"
442,442,[N:1]#[C:2][C@H:3]([Cl:4])[C@H:5]([NH2:6])[N+:7](=[O:8])[O-:9].[Cl-:10],"[[3, 2, 4, 9], [3, 2, 9]]"
443,443,[CH3:1][C@@H:2]([NH2:3])[C@@H:4]([Cl:5])[C:6]#[N:7].[F-:8],"[[4, 3, 7], [4, 3, 1, 7]]"
444,444,[CH3:1][C@@H:2]([NH2:3])[C:4]([Cl:5])([C:6]#[N:7])[C:8]#[N:9].[Cl-:10],"[[4, 3, 9], [4, 3, 1, 9]]"
445,445,[CH3:1][C@@H:2]([NH2:3])[C@@H:4]([Cl:5])[C:6]#[N:7].[Cl-:8],"[[4, 3, 1, 7], [4, 3, 7]]"
446,446,[N:1]#[C:2][C@H:3]([Cl:4])[CH:5]([NH2:6])[NH2:7].[Br-:8],"[[3, 2, 4, 7], [3, 2, 7]]"
447,447,[CH3:1][C@H:2]([Br:3])[C@@H:4]([CH3:5])[NH2:6].[H-:7],"[[2, 1, 6], [2, 1, 3, 6]]"
448,448,[CH3:1][C@@H:2]([C:3]#[N:4])[C@@H:5]([Br:6])[C:7]#[N:8].[F-:9],"[[5, 4, 8], [5, 4, 1, 8]]"
449,449,[CH3:1][C@@H:2]([NH2:3])[C@@H:4]([Br:5])[C:6]#[N:7].[Br-:8],"[[4, 3, 1, 7], [4, 3, 7]]"
450,450,[CH3:1][C@@H:2]([NH2:3])[C@@:4]([NH2:5])([Br:6])[C:7]#[N:8].[F-:9],"[[5, 3, 8], [5, 3, 1, 8]]"
451,451,[N:1]#[C:2][C@@H:3]([NH2:4])[C@@H:5]([Br:6])[C:7]#[N:8].[Cl-:9],"[[5, 4, 2, 8], [5, 4, 8]]"
452,452,[NH2:1][CH:2]([NH2:3])[C@@H:4]([Cl:5])[N+:6](=[O:7])[O-:8].[Cl-:9],"[[4, 3, 1, 8], [4, 3, 8]]"
453,453,[CH3:1][C@:2]([Cl:3])([C:4]#[N:5])[CH:6]([NH2:7])[NH2:8].[Cl-:9],"[[2, 1, 8], [2, 1, 5, 8]]"
454,454,[N:1]#[C:2][C@H:3]([Cl:4])[CH:5]([NH2:6])[NH2:7].[Cl-:8],"[[3, 2, 4, 7], [3, 2, 7]]"
455,455,[CH3:1][C@@:2]([F:3])([C:4]#[N:5])[N+:6](=[O:7])[O-:8].[H-:9],"[[2, 1, 0, 8], [2, 1, 8]]"
456,456,[N:1]#[C:2][C@:3]([F:4])([CH2:5][NH2:6])[N+:7](=[O:8])[O-:9].[H-:10],"[[3, 2, 4, 9], [3, 2, 9]]"
457,457,[CH3:1][C@@:2]([Br:3])([C:4]#[N:5])[N+:6](=[O:7])[O-:8].[Cl-:9],"[[2, 1, 0, 8], [2, 1, 8]]"
458,458,[N:1]#[C:2][CH:3]([C:4]#[N:5])[C@@H:6]([F:7])[C:8]#[N:9].[H-:10],"[[6, 5, 9], [6, 5, 2, 9]]"
459,459,[N:1]#[C:2][C@:3]([NH2:4])([Br:5])[CH2:6][NH2:7].[F-:8],"[[4, 2, 7], [4, 2, 5, 7]]"
460,460,[CH3:1][C:2]([F:3])([C:4]#[N:5])[C:6]#[N:7].[F-:8],"[[2, 1, 7], [2, 1, 0, 7]]"
461,461,[CH3:1][C:2]([Cl:3])([C:4]#[N:5])[C:6]#[N:7].[F-:8],"[[2, 1, 7], [2, 1, 0, 7]]"
462,462,[CH3:1][CH:2]([CH3:3])[C:4]([Cl:5])([C:6]#[N:7])[C:8]#[N:9].[F-:10],"[[4, 3, 9], [4, 3, 1, 9]]"
464,464,[CH3:1][C@@H:2]([C:3]#[N:4])[C:5]([Cl:6])([C:7]#[N:8])[C:9]#[N:10].[Cl-:11],"[[5, 4, 10], [5, 4, 1, 10]]"
465,465,[CH3:1][C:2]([Br:3])([C:4]#[N:5])[C:6]#[N:7].[Cl-:8],"[[2, 1, 0, 7], [2, 1, 7]]"
466,466,[N:1]#[C:2][C:3]([Br:4])([C:5]#[N:6])[CH2:7][NH2:8].[Cl-:9],"[[3, 2, 6, 8], [3, 2, 8]]"
467,467,[CH3:1][CH2:2][C:3]([Br:4])([C:5]#[N:6])[C:7]#[N:8].[Cl-:9],"[[3, 2, 1, 8], [3, 2, 8]]"
468,468,[N:1]#[C:2][C@H:3]([NH2:4])[C:5]([F:6])([C:7]#[N:8])[C:9]#[N:10].[H-:11],"[[5, 4, 10], [5, 4, 2, 10]]"
469,469,[N:1]#[C:2][CH2:3][C:4]([F:5])([C:6]#[N:7])[C:8]#[N:9].[H-:10],"[[4, 3, 9], [4, 3, 2, 9]]"
470,470,[N:1]#[C:2][CH2:3][C:4]([Cl:5])([C:6]#[N:7])[C:8]#[N:9].[Cl-:10],"[[4, 3, 9], [4, 3, 2, 9]]"
471,471,[N:1]#[C:2][CH2:3][C:4]([F:5])([C:6]#[N:7])[C:8]#[N:9].[F-:10],"[[4, 3, 9], [4, 3, 2, 9]]"
473,473,[N:1]#[C:2][CH2:3][C:4]([Cl:5])([C:6]#[N:7])[C:8]#[N:9].[H-:10],"[[4, 3, 9], [4, 3, 2, 9]]"
474,474,[CH3:1][C@@H:2]([NH2:3])[C:4]([Cl:5])([C:6]#[N:7])[C:8]#[N:9].[H-:10],"[[4, 3, 1, 9], [4, 3, 9]]"
475,475,[N:1]#[C:2][C:3]([Cl:4])([C:5]#[N:6])[CH:7]([NH2:8])[NH2:9].[F-:10],"[[3, 2, 9], [3, 2, 6, 9]]"
476,476,[N:1]#[C:2][C:3]([Cl:4])([C:5]#[N:6])[CH:7]([NH2:8])[NH2:9].[Cl-:10],"[[3, 2, 9], [3, 2, 6, 9]]"
477,477,[CH3:1][C:2]([CH3:3])([F:4])[C:5]#[N:6].[F-:7],"[[3, 1, 6], [3, 1, 0, 6]]"
478,478,[CH3:1][C:2]([CH3:3])([Cl:4])[C:5]#[N:6].[F-:7],"[[3, 1, 6], [3, 1, 0, 6]]"
479,479,[CH3:1][C:2]([CH3:3])([Br:4])[C:5]#[N:6].[Br-:7],"[[3, 1, 0, 6], [3, 1, 6]]"
480,480,[CH3:1][C:2]([CH3:3])([Br:4])[C:5]#[N:6].[F-:7],"[[3, 1, 6], [3, 1, 0, 6]]"
481,481,[CH3:1][CH2:2][C@@:3]([CH3:4])([Cl:5])[C:6]#[N:7].[F-:8],"[[4, 2, 7], [4, 2, 1, 7]]"
483,483,[CH3:1][CH2:2][C@@:3]([CH3:4])([Cl:5])[C:6]#[N:7].[H-:8],"[[4, 2, 1, 7], [4, 2, 7]]"
484,484,[N:1]#[C:2][C:3]([F:4])([C:5]#[N:6])[CH2:7][NH2:8].[H-:9],"[[3, 2, 6, 8], [3, 2, 8]]"
485,485,[N:1]#[C:2][C:3]([Cl:4])([C:5]#[N:6])[CH2:7][NH2:8].[F-:9],"[[3, 2, 8], [3, 2, 6, 8]]"
486,486,[CH3:1][C@:2]([Cl:3])([C:4]#[N:5])[C@@H:6]([NH2:7])[C:8]#[N:9].[F-:10],"[[2, 1, 9], [2, 1, 5, 9]]"
487,487,[CH3:1][C@H:2]([NH2:3])[C@@:4]([CH3:5])([Cl:6])[C:7]#[N:8].[F-:9],"[[5, 3, 8], [5, 3, 1, 8]]"
488,488,[CH3:1][C@:2]([Cl:3])([C:4]#[N:5])[CH2:6][NH2:7].[F-:8],"[[2, 1, 7], [2, 1, 5, 7]]"
492,492,[CH3:1][C@H:2]([NH2:3])[C:4]([F:5])([C:6]#[N:7])[C:8]#[N:9].[H-:10],"[[4, 3, 1, 9], [4, 3, 9]]"
493,493,[CH3:1][C@H:2]([NH2:3])[C@@:4]([CH3:5])([F:6])[C:7]#[N:8].[H-:9],"[[5, 3, 8], [5, 3, 1, 8]]"
494,494,[CH3:1][C@H:2]([NH2:3])[C@@H:4]([CH3:5])[F:6].[H-:7],"[[5, 3, 6], [5, 3, 1, 6]]"
495,495,[CH3:1][C@H:2]([NH2:3])[C@@:4]([CH3:5])([F:6])[N+:7](=[O:8])[O-:9].[H-:10],"[[5, 3, 9], [5, 3, 1, 9]]"
496,496,[CH3:1][C@H:2]([NH2:3])[C@@H:4]([F:5])[C:6]#[N:7].[H-:8],"[[4, 3, 7], [4, 3, 1, 7]]"
497,497,[CH3:1][C@:2]([F:3])([C:4]#[N:5])[CH:6]([NH2:7])[NH2:8].[H-:9],"[[2, 1, 8], [2, 1, 5, 8]]"
498,498,[CH3:1][C@H:2]([NH2:3])[C:4]([CH3:5])([CH3:6])[F:7].[H-:8],"[[6, 3, 7], [6, 3, 1, 7]]"
499,499,[CH3:1][C@:2]([F:3])([C:4]#[N:5])[CH2:6][NH2:7].[H-:8],"[[2, 1, 7], [2, 1, 5, 7]]"
502,502,[CH3:1][C@:2]([Cl:3])([C:4]#[N:5])[C@H:6]([NH2:7])[C:8]#[N:9].[F-:10],"[[2, 1, 9], [2, 1, 5, 9]]"
503,503,[CH3:1][C@:2]([Cl:3])([C:4]#[N:5])[CH:6]([NH2:7])[NH2:8].[F-:9],"[[2, 1, 8], [2, 1, 5, 8]]"
504,504,[CH3:1][C@@H:2]([NH2:3])[C@@:4]([NH2:5])([F:6])[C:7]#[N:8].[H-:9],"[[5, 3, 8], [5, 3, 1, 8]]"
505,505,[CH3:1][C@@H:2]([NH2:3])[C@@:4]([CH3:5])([F:6])[C:7]#[N:8].[H-:9],"[[5, 3, 8], [5, 3, 1, 8]]"
506,506,[CH3:1][C@@H:2]([NH2:3])[C@@:4]([CH3:5])([Cl:6])[C:7]#[N:8].[Cl-:9],"[[5, 3, 8], [5, 3, 1, 8]]"
507,507,[CH3:1][CH:2]([CH3:3])[C@@:4]([CH3:5])([Cl:6])[C:7]#[N:8].[Cl-:9],"[[5, 3, 8], [5, 3, 1, 8]]"
508,508,[N:1]#[C:2][C@H:3]([F:4])[CH:5]([NH2:6])[NH2:7].[H-:8],"[[3, 2, 4, 7], [3, 2, 7]]"
509,509,[CH3:1][C@@:2]([NH2:3])([Cl:4])[C:5]#[N:6].[F-:7],"[[3, 1, 6], [3, 1, 0, 6]]"
510,510,[CH3:1][C@@:2]([NH2:3])([Br:4])[C:5]#[N:6].[F-:7],"[[3, 1, 6], [3, 1, 0, 6]]"
511,511,[N:1]#[C:2][CH2:3][C@@:4]([NH2:5])([Cl:6])[C:7]#[N:8].[H-:9],"[[5, 3, 8], [5, 3, 2, 8]]"
512,512,[N:1]#[C:2][CH2:3][C@@:4]([NH2:5])([Br:6])[C:7]#[N:8].[H-:9],"[[5, 3, 8], [5, 3, 2, 8]]"
513,513,[N:1]#[C:2][C@:3]([NH2:4])([Br:5])[CH2:6][N+:7](=[O:8])[O-:9].[F-:10],"[[4, 2, 9], [4, 2, 5, 9]]"
514,514,[N:1]#[C:2][CH2:3][C@@:4]([NH2:5])([Br:6])[C:7]#[N:8].[Cl-:9],"[[5, 3, 8], [5, 3, 2, 8]]"
515,515,[N:1]#[C:2][CH2:3][C@@:4]([NH2:5])([Br:6])[C:7]#[N:8].[F-:9],"[[5, 3, 8], [5, 3, 2, 8]]"
516,516,[N:1]#[C:2][CH2:3][C@@H:4]([Br:5])[C:6]#[N:7].[Cl-:8],"[[4, 3, 2, 7], [4, 3, 7]]"
517,517,[CH3:1][C@H:2]([C:3]#[N:4])[C@@:5]([NH2:6])([Br:7])[C:8]#[N:9].[Cl-:10],"[[6, 4, 9], [6, 4, 1, 9]]"
518,518,[CH3:1][CH2:2][C@@:3]([NH2:4])([Cl:5])[C:6]#[N:7].[F-:8],"[[4, 2, 7], [4, 2, 1, 7]]"
519,519,[CH3:1][CH2:2][C@@:3]([NH2:4])([Cl:5])[C:6]#[N:7].[H-:8],"[[4, 2, 1, 7], [4, 2, 7]]"
520,520,[N:1]#[C:2][CH2:3][C@@:4]([NH2:5])([Cl:6])[C:7]#[N:8].[Cl-:9],"[[5, 3, 8], [5, 3, 2, 8]]"
521,521,[N:1]#[C:2][C@:3]([NH2:4])([F:5])[CH2:6][NH2:7].[H-:8],"[[4, 2, 7], [4, 2, 5, 7]]"
522,522,[N:1]#[C:2][C@:3]([NH2:4])([Cl:5])[CH2:6][NH2:7].[F-:8],"[[4, 2, 7], [4, 2, 5, 7]]"
523,523,[N:1]#[C:2][C@:3]([NH2:4])([Cl:5])[CH2:6][NH2:7].[H-:8],"[[4, 2, 5, 7], [4, 2, 7]]"
524,524,[N:1]#[C:2][CH2:3][C@@:4]([NH2:5])([Cl:6])[C:7]#[N:8].[F-:9],"[[5, 3, 8], [5, 3, 2, 8]]"
525,525,[N:1]#[C:2][C@H:3]([NH2:4])[C@@:5]([NH2:6])([Br:7])[C:8]#[N:9].[F-:10],"[[6, 4, 9], [6, 4, 2, 9]]"
526,526,[N:1]#[C:2][C@:3]([NH2:4])([Br:5])[CH:6]([NH2:7])[NH2:8].[F-:9],"[[4, 2, 8], [4, 2, 5, 8]]"
531,531,[N:1]#[C:2][CH:3]([C:4]#[N:5])[C@@H:6]([Cl:7])[C:8]#[N:9].[H-:10],"[[6, 5, 9], [6, 5, 2, 9]]"
532,532,[CH3:1][C@:2]([Cl:3])([C:4]#[N:5])[CH:6]([C:7]#[N:8])[C:9]#[N:10].[H-:11],"[[2, 1, 10], [2, 1, 5, 10]]"
533,533,[N:1]#[C:2][CH:3]([C:4]#[N:5])[C@@:6]([NH2:7])([Cl:8])[C:9]#[N:10].[H-:11],"[[7, 5, 10], [7, 5, 2, 10]]"
535,535,[CH3:1][C@@H:2]([C:3]#[N:4])[C@@:5]([NH2:6])([Cl:7])[C:8]#[N:9].[F-:10],"[[6, 4, 9], [6, 4, 1, 9]]"
536,536,[CH3:1][CH:2]([CH3:3])[C@@:4]([NH2:5])([F:6])[C:7]#[N:8].[H-:9],"[[5, 3, 8], [5, 3, 1, 8]]"
539,539,[CH3:1][CH2:2][C@@:3]([NH2:4])([Br:5])[N+:6](=[O:7])[O-:8].[H-:9],"[[4, 2, 8], [4, 2, 1, 8]]"
540,540,[CH3:1][C@H:2]([C:3]#[N:4])[C@@:5]([NH2:6])([Br:7])[C:8]#[N:9].[H-:10],"[[6, 4, 9], [6, 4, 1, 9]]"
541,541,[CH3:1][CH2:2][C@@:3]([NH2:4])([Br:5])[C:6]#[N:7].[H-:8],"[[4, 2, 7], [4, 2, 1, 7]]"
542,542,[CH3:1][C@H:2]([NH2:3])[C@@:4]([NH2:5])([Br:6])[C:7]#[N:8].[F-:9],"[[5, 3, 8], [5, 3, 1, 8]]"
543,543,[CH3:1][CH2:2][C@@:3]([CH3:4])([NH2:5])[Br:6].[F-:7],"[[5, 2, 1, 6], [5, 2, 6]]"
544,544,[CH3:1][CH2:2][C@@:3]([NH2:4])([Br:5])[C:6]#[N:7].[F-:8],"[[4, 2, 7], [4, 2, 1, 7]]"
545,545,[CH3:1][C@H:2]([NH2:3])[C@@:4]([NH2:5])([Cl:6])[C:7]#[N:8].[F-:9],"[[5, 3, 8], [5, 3, 1, 8]]"
546,546,[CH3:1][C@H:2]([C:3]#[N:4])[C@@:5]([NH2:6])([Cl:7])[C:8]#[N:9].[F-:10],"[[6, 4, 9], [6, 4, 1, 9]]"
547,547,[CH3:1][CH:2]([CH3:3])[C@@:4]([NH2:5])([Cl:6])[C:7]#[N:8].[H-:9],"[[5, 3, 8], [5, 3, 1, 8]]"
548,548,[CH3:1][CH:2]([CH3:3])[C@@H:4]([NH2:5])[Cl:6].[F-:7],"[[5, 3, 6], [5, 3, 1, 6]]"
549,549,[CH3:1][CH:2]([CH3:3])[C@@:4]([NH2:5])([Cl:6])[N+:7](=[O:8])[O-:9].[F-:10],"[[5, 3, 9], [5, 3, 1, 9]]"
550,550,[CH3:1][CH:2]([CH3:3])[C@@:4]([CH3:5])([Cl:6])[C:7]#[N:8].[F-:9],"[[5, 3, 8], [5, 3, 1, 8]]"
551,551,[CH3:1][CH:2]([CH3:3])[C@@:4]([NH2:5])([Cl:6])[C:7]#[N:8].[F-:9],"[[5, 3, 8], [5, 3, 1, 8]]"
552,552,[CH3:1][CH:2]([CH3:3])[C@@:4]([NH2:5])([Br:6])[C:7]#[N:8].[F-:9],"[[5, 3, 8], [5, 3, 1, 8]]"
558,558,[N:1]#[C:2][C@:3]([NH2:4])([Cl:5])[CH:6]([NH2:7])[NH2:8].[F-:9],"[[4, 2, 8], [4, 2, 5, 8]]"
559,559,[N:1]#[C:2][C@@H:3]([NH2:4])[C@@:5]([NH2:6])([Cl:7])[N+:8](=[O:9])[O-:10].[F-:11],"[[6, 4, 10], [6, 4, 2, 10]]"
560,560,[N:1]#[C:2][CH:3]([C:4]#[N:5])[C@@:6]([NH2:7])([Cl:8])[C:9]#[N:10].[F-:11],"[[7, 5, 10], [7, 5, 2, 10]]"
561,561,[N:1]#[C:2][C@@H:3]([NH2:4])[C@@:5]([NH2:6])([F:7])[C:8]#[N:9].[H-:10],"[[6, 4, 9], [6, 4, 2, 9]]"
562,562,[CH3:1][C@@H:2]([C:3]#[N:4])[C@@:5]([NH2:6])([Cl:7])[C:8]#[N:9].[H-:10],"[[6, 4, 9], [6, 4, 1, 9]]"
563,563,[CH3:1][C@@H:2]([NH2:3])[C@@H:4]([NH2:5])[Cl:6].[F-:7],"[[5, 3, 1, 6], [5, 3, 6]]"
564,564,[CH3:1][C@@H:2]([NH2:3])[C@@:4]([NH2:5])([Cl:6])[N+:7](=[O:8])[O-:9].[F-:10],"[[5, 3, 9], [5, 3, 1, 9]]"
565,565,[CH3:1][C@@H:2]([NH2:3])[C@@:4]([NH2:5])([Cl:6])[C:7]#[N:8].[H-:9],"[[5, 3, 1, 8], [5, 3, 8]]"
566,566,[CH3:1][C@@H:2]([NH2:3])[C@@:4]([NH2:5])([Cl:6])[C:7]#[N:8].[F-:9],"[[5, 3, 8], [5, 3, 1, 8]]"
567,567,[N:1]#[C:2][C@@H:3]([NH2:4])[C@@:5]([NH2:6])([Br:7])[C:8]#[N:9].[H-:10],"[[6, 4, 9], [6, 4, 2, 9]]"
568,568,[N:1]#[C:2][C@:3]([NH2:4])([Cl:5])[CH:6]([NH2:7])[NH2:8].[H-:9],"[[4, 2, 5, 8], [4, 2, 8]]"
571,571,[CH3:1][CH:2]([CH3:3])[Cl:4].[Cl-:5],"[[3, 1, 0, 4], [3, 1, 4]]"
573,573,[CH3:1][C@@H:2]([Br:3])[N+:4](=[O:5])[O-:6].[Cl-:7],"[[2, 1, 0, 6], [2, 1, 6]]"
575,575,[CH3:1][C:2]([CH3:3])([CH3:4])[Br:5].[Cl-:6],"[[4, 1, 5], [4, 1, 0, 5]]"
576,576,[CH3:1][C@H:2]([F:3])[C@H:4]([CH3:5])[C:6]#[N:7].[H-:8],"[[2, 1, 7], [2, 1, 3, 7]]"
577,577,[N:1]#[C:2][CH2:3][C@@H:4]([Cl:5])[C:6]#[N:7].[H-:8],"[[4, 3, 7], [4, 3, 2, 7]]"
578,578,[CH3:1][CH2:2][C:3]([CH3:4])([CH3:5])[F:6].[H-:7],"[[5, 2, 6], [5, 2, 1, 6]]"
580,580,[CH3:1][C@H:2]([Cl:3])[C@@H:4]([CH3:5])[C:6]#[N:7].[F-:8],"[[2, 1, 7], [2, 1, 3, 7]]"
581,581,[CH3:1][CH2:2][C@H:3]([CH3:4])[Cl:5].[F-:6],"[[4, 2, 5], [4, 2, 1, 5]]"
582,582,[CH3:1][C@H:2]([Cl:3])[CH2:4][NH2:5].[Cl-:6],"[[2, 1, 3, 5], [2, 1, 5]]"
583,583,[CH3:1][C@H:2]([Cl:3])[C@@H:4]([CH3:5])[NH2:6].[Cl-:7],"[[2, 1, 3, 6], [2, 1, 6]]"
584,584,[CH3:1][CH2:2][C@H:3]([CH3:4])[Br:5].[Cl-:6],"[[4, 2, 1, 5], [4, 2, 5]]"
585,585,[CH3:1][CH2:2][C@H:3]([CH3:4])[Br:5].[H-:6],"[[4, 2, 5], [4, 2, 1, 5]]"
586,586,[CH3:1][CH2:2][C@H:3]([CH3:4])[Br:5].[Br-:6],"[[4, 2, 1, 5], [4, 2, 5]]"
587,587,[CH3:1][CH2:2][C@H:3]([CH3:4])[Br:5].[F-:6],"[[4, 2, 5], [4, 2, 1, 5]]"
588,588,[CH3:1][C@H:2]([Br:3])[C@@H:4]([CH3:5])[C:6]#[N:7].[Cl-:8],"[[2, 1, 7], [2, 1, 3, 7]]"
589,589,[CH3:1][CH:2]([CH3:3])[C@H:4]([CH3:5])[Br:6].[Cl-:7],"[[5, 3, 1, 6], [5, 3, 6]]"
590,590,[CH3:1][C@H:2]([Br:3])[C@@H:4]([CH3:5])[NH2:6].[Cl-:7],"[[2, 1, 3, 6], [2, 1, 6]]"
591,591,[CH3:1][CH2:2][C@:3]([CH3:4])([Br:5])[C:6]#[N:7].[Cl-:8],"[[4, 2, 7], [4, 2, 1, 7]]"
592,592,[CH3:1][C@H:2]([NH2:3])[C@H:4]([CH3:5])[F:6].[H-:7],"[[5, 3, 6], [5, 3, 1, 6]]"
593,593,[NH2:1][CH2:2][C@H:3]([NH2:4])[F:5].[H-:6],"[[4, 2, 5], [4, 2, 1, 5]]"
594,594,[CH3:1][C@H:2]([Cl:3])[CH2:4][NH2:5].[F-:6],"[[2, 1, 5], [2, 1, 3, 5]]"
595,595,[CH3:1][C@H:2]([Br:3])[CH2:4][NH2:5].[Br-:6],"[[2, 1, 3, 5], [2, 1, 5]]"
596,596,[CH3:1][C@H:2]([NH2:3])[C@H:4]([CH3:5])[Br:6].[H-:7],"[[5, 3, 6], [5, 3, 1, 6]]"
597,597,[CH3:1][C@H:2]([Br:3])[CH:4]([NH2:5])[NH2:6].[H-:7],"[[2, 1, 6], [2, 1, 3, 6]]"
598,598,[CH3:1][C@H:2]([Br:3])[CH2:4][NH2:5].[Cl-:6],"[[2, 1, 3, 5], [2, 1, 5]]"
599,599,[CH3:1][C@H:2]([Br:3])[C@@H:4]([NH2:5])[C:6]#[N:7].[F-:8],"[[2, 1, 7], [2, 1, 3, 7]]"
600,600,[CH3:1][C@H:2]([NH2:3])[C@H:4]([CH3:5])[Br:6].[F-:7],"[[5, 3, 6], [5, 3, 1, 6]]"
601,601,[CH3:1][C@H:2]([Br:3])[CH2:4][NH2:5].[F-:6],"[[2, 1, 5], [2, 1, 3, 5]]"
602,602,[CH3:1][C@H:2]([Br:3])[CH2:4][N+:5](=[O:6])[O-:7].[Cl-:8],"[[2, 1, 3, 7], [2, 1, 7]]"
603,603,[CH3:1][C@H:2]([Br:3])[C@@H:4]([NH2:5])[C:6]#[N:7].[Cl-:8],"[[2, 1, 3, 7], [2, 1, 7]]"
604,604,[CH3:1][C@H:2]([Br:3])[CH:4]([NH2:5])[NH2:6].[Cl-:7],"[[2, 1, 3, 6], [2, 1, 6]]"
605,605,[CH3:1][C@H:2]([Br:3])[CH2:4][N+:5](=[O:6])[O-:7].[F-:8],"[[2, 1, 7], [2, 1, 3, 7]]"
606,606,[CH3:1][C@H:2]([Br:3])[CH:4]([C:5]#[N:6])[C:7]#[N:8].[F-:9],"[[2, 1, 8], [2, 1, 3, 8]]"
607,607,[CH3:1][C@H:2]([Br:3])[C@@H:4]([CH3:5])[C:6]#[N:7].[F-:8],"[[2, 1, 7], [2, 1, 3, 7]]"
608,608,[CH3:1][C@@:2]([Br:3])([C:4]#[N:5])[CH2:6][C:7]#[N:8].[F-:9],"[[2, 1, 8], [2, 1, 5, 8]]"
609,609,[CH3:1][C@H:2]([Br:3])[CH2:4][C:5]#[N:6].[F-:7],"[[2, 1, 6], [2, 1, 3, 6]]"
610,610,[CH3:1][C@H:2]([F:3])[C@@H:4]([CH3:5])[C:6]#[N:7].[F-:8],"[[2, 1, 7], [2, 1, 3, 7]]"
611,611,[CH3:1][C@H:2]([F:3])[C@@H:4]([NH2:5])[C:6]#[N:7].[H-:8],"[[2, 1, 7], [2, 1, 3, 7]]"
612,612,[CH3:1][C@@H:2]([C:3]#[N:4])[C@@:5]([CH3:6])([NH2:7])[F:8].[H-:9],"[[7, 4, 8], [7, 4, 1, 8]]"
613,613,[CH3:1][C@H:2]([F:3])[CH2:4][C:5]#[N:6].[F-:7],"[[2, 1, 6], [2, 1, 3, 6]]"
614,614,[CH3:1][C@@H:2]([C:3]#[N:4])[C@:5]([CH3:6])([F:7])[C:8]#[N:9].[F-:10],"[[6, 4, 9], [6, 4, 1, 9]]"
615,615,[N:1]#[C:2][C@H:3]([NH2:4])[CH2:5][Cl:6].[F-:7],"[[5, 4, 6], [5, 4, 2, 6]]"
616,616,[CH3:1][CH2:2][C@H:3]([CH3:4])[Cl:5].[Br-:6],"[[4, 2, 1, 5], [4, 2, 5]]"
617,617,[CH3:1][CH2:2][C:3]([CH3:4])([CH3:5])[Cl:6].[F-:7],"[[5, 2, 6], [5, 2, 1, 6]]"
621,621,[CH3:1][CH:2]([CH3:3])[C@H:4]([CH3:5])[Cl:6].[Cl-:7],"[[5, 3, 1, 6], [5, 3, 6]]"
622,622,[CH3:1][CH:2]([CH3:3])[C@H:4]([CH3:5])[Cl:6].[H-:7],"[[5, 3, 6], [5, 3, 1, 6]]"
623,623,[CH3:1][CH:2]([CH3:3])[C@H:4]([CH3:5])[Cl:6].[F-:7],"[[5, 3, 6], [5, 3, 1, 6]]"
624,624,[CH3:1][CH:2]([CH3:3])[C@H:4]([CH3:5])[Br:6].[F-:7],"[[5, 3, 6], [5, 3, 1, 6]]"
625,625,[CH3:1][CH:2]([CH3:3])[C@H:4]([CH3:5])[Br:6].[H-:7],"[[5, 3, 6], [5, 3, 1, 6]]"
626,626,[CH3:1][CH:2]([CH3:3])[C:4]([CH3:5])([CH3:6])[Br:7].[F-:8],"[[6, 3, 7], [6, 3, 1, 7]]"
627,627,[CH3:1][C@H:2]([NH2:3])[C@H:4]([CH3:5])[Cl:6].[F-:7],"[[5, 3, 6], [5, 3, 1, 6]]"
628,628,[CH3:1][C@H:2]([NH2:3])[C@H:4]([CH3:5])[Cl:6].[H-:7],"[[5, 3, 6], [5, 3, 1, 6]]"
629,629,[CH3:1][C@H:2]([Cl:3])[C@@H:4]([NH2:5])[C:6]#[N:7].[F-:8],"[[2, 1, 7], [2, 1, 3, 7]]"
630,630,[CH3:1][C@H:2]([Cl:3])[C@H:4]([CH3:5])[C:6]#[N:7].[F-:8],"[[2, 1, 7], [2, 1, 3, 7]]"
632,632,[CH3:1][C@:2]([NH2:3])([Cl:4])[CH2:5][NH2:6].[H-:7],"[[3, 1, 6], [3, 1, 4, 6]]"
634,634,[CH3:1][CH:2]([CH3:3])[Cl:4].[F-:5],"[[3, 1, 4], [3, 1, 0, 4]]"
635,635,[CH3:1][C@H:2]([Cl:3])[CH2:4][C:5]#[N:6].[F-:7],"[[2, 1, 6], [2, 1, 3, 6]]"
636,636,[CH3:1][C@:2]([Cl:3])([CH2:4][NH2:5])[N+:6](=[O:7])[O-:8].[F-:9],"[[2, 1, 8], [2, 1, 3, 8]]"
637,637,[CH3:1][C@:2]([NH2:3])([Cl:4])[CH2:5][NH2:6].[F-:7],"[[3, 1, 4, 6], [3, 1, 6]]"
640,640,[CH3:1][C@H:2]([Br:3])[CH2:4][NH2:5].[H-:6],"[[2, 1, 5], [2, 1, 3, 5]]"
642,642,[CH3:1][C@H:2]([Br:3])[C@H:4]([NH2:5])[C:6]#[N:7].[Cl-:8],"[[2, 1, 7], [2, 1, 3, 7]]"
643,643,[CH3:1][C@H:2]([Cl:3])[C@H:4]([NH2:5])[N+:6](=[O:7])[O-:8].[H-:9],"[[2, 1, 8], [2, 1, 3, 8]]"
644,644,[CH3:1][C@H:2]([F:3])[C@@H:4]([CH3:5])[NH2:6].[F-:7],"[[2, 1, 6], [2, 1, 3, 6]]"
645,645,[CH3:1][C@@:2]([F:3])([C:4]#[N:5])[CH:6]([NH2:7])[NH2:8].[H-:9],"[[2, 1, 8], [2, 1, 5, 8]]"
646,646,[CH3:1][C@H:2]([F:3])[CH:4]([NH2:5])[NH2:6].[H-:7],"[[2, 1, 6], [2, 1, 3, 6]]"
647,647,[CH3:1][C@H:2]([Cl:3])[CH:4]([NH2:5])[NH2:6].[F-:7],"[[2, 1, 6], [2, 1, 3, 6]]"
648,648,[CH3:1][C@@:2]([Cl:3])([C:4]#[N:5])[CH:6]([NH2:7])[NH2:8].[F-:9],"[[2, 1, 8], [2, 1, 5, 8]]"
650,650,[CH3:1][C:2]([CH3:3])([Cl:4])[N+:5](=[O:6])[O-:7].[H-:8],"[[3, 1, 0, 7], [3, 1, 7]]"
651,651,[CH3:1][C:2]([CH3:3])([Cl:4])[N+:5](=[O:6])[O-:7].[Cl-:8],"[[3, 1, 0, 7], [3, 1, 7]]"
654,654,[CH3:1][CH:2]([CH3:3])[C@:4]([CH3:5])([F:6])[N+:7](=[O:8])[O-:9].[H-:10],"[[5, 3, 9], [5, 3, 1, 9]]"
655,655,[CH3:1][CH2:2][C@@:3]([CH3:4])([NH2:5])[F:6].[H-:7],"[[5, 2, 6], [5, 2, 1, 6]]"
658,658,[CH3:1][CH2:2][C@:3]([CH3:4])([Cl:5])[N+:6](=[O:7])[O-:8].[F-:9],"[[4, 2, 8], [4, 2, 1, 8]]"
659,659,[CH3:1][CH2:2][C@:3]([CH3:4])([F:5])[N+:6](=[O:7])[O-:8].[H-:9],"[[4, 2, 8], [4, 2, 1, 8]]"
660,660,[CH3:1][CH2:2][C@:3]([CH3:4])([F:5])[C:6]#[N:7].[H-:8],"[[4, 2, 7], [4, 2, 1, 7]]"
661,661,[CH3:1][C@H:2]([NH2:3])[C@:4]([CH3:5])([F:6])[N+:7](=[O:8])[O-:9].[H-:10],"[[5, 3, 9], [5, 3, 1, 9]]"
662,662,[CH3:1][C@:2]([F:3])([CH2:4][NH2:5])[N+:6](=[O:7])[O-:8].[H-:9],"[[2, 1, 8], [2, 1, 3, 8]]"
663,663,[NH2:1][CH:2]([NH2:3])[C@H:4]([F:5])[N+:6](=[O:7])[O-:8].[H-:9],"[[4, 3, 1, 8], [4, 3, 8]]"
664,664,[CH3:1][C@:2]([F:3])([CH:4]([NH2:5])[NH2:6])[N+:7](=[O:8])[O-:9].[H-:10],"[[2, 1, 9], [2, 1, 3, 9]]"
665,665,[CH3:1][C@H:2]([Cl:3])[CH:4]([NH2:5])[NH2:6].[Cl-:7],"[[2, 1, 3, 6], [2, 1, 6]]"
666,666,[CH3:1][C@@:2]([Cl:3])([C:4]#[N:5])[CH:6]([NH2:7])[NH2:8].[Cl-:9],"[[2, 1, 5, 8], [2, 1, 8]]"
667,667,[CH3:1][C@H:2]([Cl:3])[CH:4]([NH2:5])[NH2:6].[Br-:7],"[[2, 1, 3, 6], [2, 1, 6]]"
668,668,[CH3:1][C@@:2]([Cl:3])([C:4]#[N:5])[CH:6]([NH2:7])[NH2:8].[Br-:9],"[[2, 1, 8], [2, 1, 5, 8]]"
669,669,[CH3:1][C:2]([CH3:3])([Cl:4])[C:5]#[N:6].[Br-:7],"[[3, 1, 0, 6], [3, 1, 6]]"
670,670,[CH3:1][CH2:2][C@:3]([CH3:4])([Cl:5])[C:6]#[N:7].[Cl-:8],"[[4, 2, 1, 7], [4, 2, 7]]"
671,671,[CH3:1][CH2:2][C@:3]([CH3:4])([Cl:5])[C:6]#[N:7].[F-:8],"[[4, 2, 7], [4, 2, 1, 7]]"
672,672,[CH3:1][C@@:2]([Cl:3])([C:4]#[N:5])[CH2:6][NH2:7].[Cl-:8],"[[2, 1, 5, 7], [2, 1, 7]]"
673,673,[CH3:1][CH:2]([CH3:3])[C@:4]([CH3:5])([Cl:6])[C:7]#[N:8].[Cl-:9],"[[5, 3, 8], [5, 3, 1, 8]]"
674,674,[CH3:1][C@@:2]([Cl:3])([C:4]#[N:5])[CH2:6][NH2:7].[F-:8],"[[2, 1, 7], [2, 1, 5, 7]]"
675,675,[CH3:1][C@@:2]([Cl:3])([C:4]#[N:5])[CH2:6][NH2:7].[Br-:8],"[[2, 1, 5, 7], [2, 1, 7]]"
677,677,[N:1]#[C:2][C:3]([Br:4])([C:5]#[N:6])[CH2:7][NH2:8].[H-:9],"[[3, 2, 8], [3, 2, 6, 8]]"
678,678,[CH3:1][CH:2]([CH3:3])[C@:4]([CH3:5])([F:6])[C:7]#[N:8].[H-:9],"[[5, 3, 8], [5, 3, 1, 8]]"
679,679,[CH3:1][CH2:2][C@H:3]([Cl:4])[C:5]#[N:6].[H-:7],"[[3, 2, 1, 6], [3, 2, 6]]"
680,680,[CH3:1][CH2:2][C:3]([CH3:4])([CH3:5])[Cl:6].[H-:7],"[[5, 2, 6], [5, 2, 1, 6]]"
681,681,[CH3:1][CH2:2][C@:3]([CH3:4])([Br:5])[C:6]#[N:7].[H-:8],"[[4, 2, 1, 7], [4, 2, 7]]"
682,682,[CH3:1][C@@:2]([Br:3])([C:4]#[N:5])[CH:6]([NH2:7])[NH2:8].[F-:9],"[[2, 1, 8], [2, 1, 5, 8]]"
685,685,[CH3:1][C@@H:2]([NH2:3])[C@:4]([CH3:5])([F:6])[C:7]#[N:8].[H-:9],"[[5, 3, 8], [5, 3, 1, 8]]"
686,686,[CH3:1][C@@:2]([F:3])([C:4]#[N:5])[CH2:6][NH2:7].[H-:8],"[[2, 1, 7], [2, 1, 5, 7]]"
690,690,[N:1]#[C:2][C@@:3]([Cl:4])([CH2:5][NH2:6])[N+:7](=[O:8])[O-:9].[Br-:10],"[[3, 2, 4, 9], [3, 2, 9]]"
693,693,[CH3:1][C@@:2]([Br:3])([C:4]#[N:5])[C@H:6]([NH2:7])[C:8]#[N:9].[Cl-:10],"[[2, 1, 9], [2, 1, 5, 9]]"
694,694,[CH3:1][C@H:2]([Cl:3])[C@@H:4]([CH3:5])[NH2:6].[H-:7],"[[2, 1, 6], [2, 1, 3, 6]]"
695,695,[N:1]#[C:2][C@@H:3]([Cl:4])[CH:5]([NH2:6])[NH2:7].[H-:8],"[[3, 2, 4, 7], [3, 2, 7]]"
696,696,[CH3:1][C:2]([CH3:3])([CH3:4])[Cl:5].[H-:6],"[[4, 1, 5], [4, 1, 0, 5]]"
697,697,[CH3:1][C:2]([CH3:3])([CH3:4])[Br:5].[H-:6],"[[4, 1, 5], [4, 1, 0, 5]]"
698,698,[CH3:1][C:2]([CH3:3])([CH3:4])[Br:5].[F-:6],"[[4, 1, 5], [4, 1, 0, 5]]"
699,699,[CH3:1][C:2]([CH3:3])([Cl:4])[CH2:5][C:6]#[N:7].[H-:8],"[[3, 1, 7], [3, 1, 4, 7]]"
700,700,[CH3:1][CH2:2][C:3]([CH3:4])([CH3:5])[Cl:6].[Cl-:7],"[[5, 2, 6], [5, 2, 1, 6]]"
702,702,[CH3:1][C:2]([CH3:3])([CH3:4])[Cl:5].[Cl-:6],"[[4, 1, 5], [4, 1, 0, 5]]"
703,703,[CH3:1][C@@H:2]([C:3]#[N:4])[C:5]([CH3:6])([CH3:7])[Cl:8].[Cl-:9],"[[7, 4, 8], [7, 4, 1, 8]]"
704,704,[CH3:1][C:2]([CH3:3])([CH3:4])[Cl:5].[F-:6],"[[4, 1, 5], [4, 1, 0, 5]]"
705,705,[CH3:1][C@@H:2]([C:3]#[N:4])[C:5]([CH3:6])([CH3:7])[Cl:8].[F-:9],"[[7, 4, 8], [7, 4, 1, 8]]"
706,706,[CH3:1][CH2:2][C:3]([CH3:4])([CH3:5])[Br:6].[Cl-:7],"[[5, 2, 6], [5, 2, 1, 6]]"
707,707,[CH3:1][CH2:2][C:3]([CH3:4])([CH3:5])[Br:6].[F-:7],"[[5, 2, 6], [5, 2, 1, 6]]"
708,708,[CH3:1][C:2]([CH3:3])([Br:4])[CH2:5][NH2:6].[Cl-:7],"[[3, 1, 6], [3, 1, 4, 6]]"
709,709,[CH3:1][C:2]([CH3:3])([Cl:4])[CH2:5][NH2:6].[Cl-:7],"[[3, 1, 6], [3, 1, 4, 6]]"
710,710,[CH3:1][C:2]([CH3:3])([Cl:4])[C@@H:5]([NH2:6])[C:7]#[N:8].[F-:9],"[[3, 1, 8], [3, 1, 4, 8]]"
711,711,[CH3:1][C@H:2]([NH2:3])[C:4]([CH3:5])([CH3:6])[Cl:7].[F-:8],"[[6, 3, 7], [6, 3, 1, 7]]"
712,712,[CH3:1][C:2]([CH3:3])([Cl:4])[CH2:5][NH2:6].[F-:7],"[[3, 1, 6], [3, 1, 4, 6]]"
713,713,[CH3:1][C:2]([CH3:3])([Cl:4])[CH2:5][C:6]#[N:7].[Cl-:8],"[[3, 1, 7], [3, 1, 4, 7]]"
714,714,[CH3:1][C:2]([CH3:3])([Cl:4])[C@@H:5]([NH2:6])[C:7]#[N:8].[Cl-:9],"[[3, 1, 8], [3, 1, 4, 8]]"
715,715,[CH3:1][C:2]([CH3:3])([Br:4])[CH2:5][NH2:6].[H-:7],"[[3, 1, 6], [3, 1, 4, 6]]"
716,716,[CH3:1][C:2]([CH3:3])([F:4])[CH2:5][C:6]#[N:7].[H-:8],"[[3, 1, 7], [3, 1, 4, 7]]"
717,717,[CH3:1][C@H:2]([C:3]#[N:4])[C:5]([CH3:6])([CH3:7])[F:8].[H-:9],"[[7, 4, 8], [7, 4, 1, 8]]"
718,718,[CH3:1][CH:2]([CH3:3])[C:4]([CH3:5])([CH3:6])[F:7].[H-:8],"[[6, 3, 7], [6, 3, 1, 7]]"
721,721,[CH3:1][C@H:2]([C:3]#[N:4])[C:5]([CH3:6])([CH3:7])[Br:8].[F-:9],"[[7, 4, 8], [7, 4, 1, 8]]"
723,723,[CH3:1][C:2]([CH3:3])([F:4])[C@@H:5]([NH2:6])[C:7]#[N:8].[H-:9],"[[3, 1, 8], [3, 1, 4, 8]]"
724,724,[CH3:1][C@H:2]([NH2:3])[C:4]([CH3:5])([CH3:6])[Cl:7].[H-:8],"[[6, 3, 7], [6, 3, 1, 7]]"
725,725,[CH3:1][C:2]([CH3:3])([Br:4])[C@@H:5]([NH2:6])[C:7]#[N:8].[F-:9],"[[3, 1, 8], [3, 1, 4, 8]]"
726,726,[CH3:1][C:2]([CH3:3])([Br:4])[CH:5]([NH2:6])[NH2:7].[F-:8],"[[3, 1, 7], [3, 1, 4, 7]]"
728,728,[CH3:1][C:2]([CH3:3])([Cl:4])[CH2:5][NH2:6].[H-:7],"[[3, 1, 6], [3, 1, 4, 6]]"
729,729,[CH3:1][C:2]([CH3:3])([Cl:4])[CH2:5][C:6]#[N:7].[F-:8],"[[3, 1, 7], [3, 1, 4, 7]]"
730,730,[CH3:1][C:2]([CH3:3])([Cl:4])[C@H:5]([NH2:6])[C:7]#[N:8].[Cl-:9],"[[3, 1, 8], [3, 1, 4, 8]]"
731,731,[CH3:1][C:2]([CH3:3])([Br:4])[CH:5]([NH2:6])[NH2:7].[H-:8],"[[3, 1, 7], [3, 1, 4, 7]]"
733,733,[CH3:1][C@@H:2]([NH2:3])[C:4]([CH3:5])([CH3:6])[Br:7].[F-:8],"[[6, 3, 7], [6, 3, 1, 7]]"
734,734,[CH3:1][C:2]([CH3:3])([Br:4])[CH2:5][C:6]#[N:7].[Cl-:8],"[[3, 1, 7], [3, 1, 4, 7]]"
735,735,[CH3:1][C:2]([CH3:3])([Br:4])[C@H:5]([NH2:6])[C:7]#[N:8].[Cl-:9],"[[3, 1, 8], [3, 1, 4, 8]]"
736,736,[CH3:1][C@@H:2]([NH2:3])[C:4]([CH3:5])([CH3:6])[Cl:7].[F-:8],"[[6, 3, 7], [6, 3, 1, 7]]"
737,737,[CH3:1][C@@H:2]([NH2:3])[C:4]([CH3:5])([CH3:6])[Cl:7].[H-:8],"[[6, 3, 7], [6, 3, 1, 7]]"
738,738,[CH3:1][C:2]([CH3:3])([Cl:4])[CH:5]([NH2:6])[NH2:7].[F-:8],"[[3, 1, 7], [3, 1, 4, 7]]"
739,739,[CH3:1][C:2]([CH3:3])([F:4])[CH:5]([NH2:6])[NH2:7].[H-:8],"[[3, 1, 7], [3, 1, 4, 7]]"
740,740,[NH2:1][C@@:2]([F:3])([CH2:4][N+:5](=[O:6])[O-:7])[N+:8](=[O:9])[O-:10].[H-:11],"[[2, 1, 10], [2, 1, 3, 10]]"
742,742,[CH3:1][C:2]([CH3:3])([NH2:4])[Cl:5].[H-:6],"[[4, 1, 5], [4, 1, 0, 5]]"
743,743,[CH3:1][C@:2]([NH2:3])([Cl:4])[C@H:5]([NH2:6])[C:7]#[N:8].[H-:9],"[[3, 1, 8], [3, 1, 4, 8]]"
745,745,[CH3:1][C@:2]([NH2:3])([Br:4])[CH2:5][C:6]#[N:7].[H-:8],"[[3, 1, 7], [3, 1, 4, 7]]"
747,747,[CH3:1][C:2]([CH3:3])([Br:4])[CH2:5][C:6]#[N:7].[F-:8],"[[3, 1, 7], [3, 1, 4, 7]]"
748,748,[CH3:1][C@:2]([NH2:3])([Br:4])[CH2:5][C:6]#[N:7].[F-:8],"[[3, 1, 7], [3, 1, 4, 7]]"
749,749,[CH3:1][C@:2]([NH2:3])([F:4])[CH2:5][C:6]#[N:7].[H-:8],"[[3, 1, 7], [3, 1, 4, 7]]"
750,750,[CH3:1][CH2:2][C:3]([NH2:4])([NH2:5])[F:6].[H-:7],"[[5, 2, 6], [5, 2, 1, 6]]"
751,751,[CH3:1][CH:2]([CH3:3])[C@@:4]([CH3:5])([NH2:6])[Cl:7].[H-:8],"[[6, 3, 7], [6, 3, 1, 7]]"
752,752,[CH3:1][C@@H:2]([NH2:3])[C@@:4]([CH3:5])([NH2:6])[Cl:7].[H-:8],"[[6, 3, 7], [6, 3, 1, 7]]"
753,753,[CH3:1][C@:2]([NH2:3])([F:4])[C@@H:5]([NH2:6])[C:7]#[N:8].[H-:9],"[[3, 1, 8], [3, 1, 4, 8]]"
754,754,[CH3:1][C@:2]([NH2:3])([Cl:4])[C@@H:5]([NH2:6])[C:7]#[N:8].[H-:9],"[[3, 1, 8], [3, 1, 4, 8]]"
759,759,[CH3:1][C@H:2]([C:3]#[N:4])[C@@:5]([CH3:6])([NH2:7])[F:8].[H-:9],"[[7, 4, 8], [7, 4, 1, 8]]"
761,761,[CH3:1][CH2:2][C@@:3]([CH3:4])([NH2:5])[Cl:6].[H-:7],"[[5, 2, 6], [5, 2, 1, 6]]"
763,763,[CH3:1][C@H:2]([N+:3](=[O:4])[O-:5])[C@@:6]([CH3:7])([NH2:8])[F:9].[H-:10],"[[8, 5, 9], [8, 5, 1, 9]]"
764,764,[CH3:1][C@H:2]([N+:3](=[O:4])[O-:5])[C@@:6]([CH3:7])([NH2:8])[Cl:9].[H-:10],"[[8, 5, 9], [8, 5, 1, 9]]"
765,765,[CH3:1][C@H:2]([C:3]#[N:4])[C@@H:5]([NH2:6])[Cl:7].[H-:8],"[[6, 4, 7], [6, 4, 1, 7]]"
766,766,[CH3:1][C@H:2]([C:3]#[N:4])[C@@:5]([NH2:6])([Br:7])[C:8]#[N:9].[F-:10],"[[6, 4, 9], [6, 4, 1, 9]]"
767,767,[CH3:1][CH:2]([CH3:3])[C@@:4]([CH3:5])([NH2:6])[Br:7].[H-:8],"[[6, 3, 7], [6, 3, 1, 7]]"
768,768,[CH3:1][C@H:2]([NH2:3])[C@@:4]([NH2:5])([F:6])[C:7]#[N:8].[H-:9],"[[5, 3, 8], [5, 3, 1, 8]]"
769,769,[CH3:1][CH:2]([CH3:3])[C@@:4]([CH3:5])([NH2:6])[F:7].[H-:8],"[[6, 3, 7], [6, 3, 1, 7]]"
770,770,[CH3:1][C@:2]([NH2:3])([F:4])[CH:5]([NH2:6])[NH2:7].[H-:8],"[[3, 1, 7], [3, 1, 4, 7]]"
771,771,[CH3:1][C@H:2]([NH2:3])[C@@:4]([CH3:5])([NH2:6])[F:7].[H-:8],"[[6, 3, 7], [6, 3, 1, 7]]"
772,772,[CH3:1][C@H:2]([NH2:3])[C@@:4]([NH2:5])([Cl:6])[C:7]#[N:8].[H-:9],"[[5, 3, 8], [5, 3, 1, 8]]"
773,773,[CH3:1][C@H:2]([NH2:3])[C@:4]([CH3:5])([Cl:6])[C:7]#[N:8].[F-:9],"[[5, 3, 8], [5, 3, 1, 8]]"
774,774,[CH3:1][C@:2]([NH2:3])([F:4])[C@H:5]([NH2:6])[C:7]#[N:8].[H-:9],"[[3, 1, 8], [3, 1, 4, 8]]"
775,775,[CH3:1][C@@H:2]([NH2:3])[C@@H:4]([NH2:5])[F:6].[H-:7],"[[5, 3, 6], [5, 3, 1, 6]]"
776,776,[CH3:1][C@H:2]([NH2:3])[F:4].[F-:5],"[[3, 1, 4], [3, 1, 0, 4]]"
777,777,[CH3:1][C@H:2]([NH2:3])[F:4].[H-:5],"[[3, 1, 4], [3, 1, 0, 4]]"
778,778,[CH3:1][C@H:2]([NH2:3])[Cl:4].[H-:5],"[[3, 1, 4], [3, 1, 0, 4]]"
779,779,[CH3:1][C@H:2]([NH2:3])[Cl:4].[F-:5],"[[3, 1, 4], [3, 1, 0, 4]]"
780,780,[CH3:1][C@@H:2]([Br:3])[C:4]#[N:5].[F-:6],"[[2, 1, 0, 5], [2, 1, 5]]"
781,781,[N:1]#[C:2][C@@:3]([NH2:4])([Cl:5])[CH2:6][N+:7](=[O:8])[O-:9].[H-:10],"[[4, 2, 9], [4, 2, 5, 9]]"
782,782,[N:1]#[C:2][C@@H:3]([NH2:4])[C@H:5]([NH2:6])[F:7].[H-:8],"[[6, 4, 7], [6, 4, 2, 7]]"
783,783,[N:1]#[C:2][C@@H:3]([NH2:4])[C@H:5]([NH2:6])[Cl:7].[H-:8],"[[6, 4, 7], [6, 4, 2, 7]]"
784,784,[CH3:1][C@H:2]([C:3]#[N:4])[C@H:5]([NH2:6])[Br:7].[H-:8],"[[6, 4, 7], [6, 4, 1, 7]]"
785,785,[N:1]#[C:2][C@@H:3]([NH2:4])[C@H:5]([NH2:6])[Br:7].[H-:8],"[[6, 4, 7], [6, 4, 2, 7]]"
786,786,[CH3:1][CH2:2][C@:3]([CH3:4])([NH2:5])[F:6].[H-:7],"[[5, 2, 6], [5, 2, 1, 6]]"
787,787,[N:1]#[C:2][CH2:3][C@H:4]([NH2:5])[Cl:6].[F-:7],"[[5, 3, 6], [5, 3, 2, 6]]"
788,788,[CH3:1][C@@H:2]([C:3]#[N:4])[C@H:5]([NH2:6])[Cl:7].[F-:8],"[[6, 4, 7], [6, 4, 1, 7]]"
789,789,[CH3:1][C@@H:2]([NH2:3])[C@H:4]([NH2:5])[Br:6].[H-:7],"[[5, 3, 6], [5, 3, 1, 6]]"
790,790,[CH3:1][C@H:2]([C@H:3]([NH2:4])[Br:5])[N+:6](=[O:7])[O-:8].[F-:9],"[[4, 2, 8], [4, 2, 1, 8]]"
791,791,[CH3:1][C@@H:2]([C:3]#[N:4])[C@H:5]([NH2:6])[Br:7].[F-:8],"[[6, 4, 7], [6, 4, 1, 7]]"
793,793,[CH3:1][CH2:2][C@H:3]([NH2:4])[F:5].[H-:6],"[[4, 2, 5], [4, 2, 1, 5]]"
794,794,[NH2:1][C@H:2]([C@H:3]([NH2:4])[Cl:5])[N+:6](=[O:7])[O-:8].[H-:9],"[[4, 2, 8], [4, 2, 1, 8]]"
795,795,[NH2:1][CH2:2][C@:3]([NH2:4])([Cl:5])[N+:6](=[O:7])[O-:8].[F-:9],"[[4, 2, 8], [4, 2, 1, 8]]"
796,796,[CH3:1][C@H:2]([C@H:3]([NH2:4])[Cl:5])[N+:6](=[O:7])[O-:8].[F-:9],"[[4, 2, 8], [4, 2, 1, 8]]"
797,797,[N:1]#[C:2][C@H:3]([NH2:4])[C@H:5]([NH2:6])[F:7].[H-:8],"[[6, 4, 7], [6, 4, 2, 7]]"
798,798,[N:1]#[C:2][CH2:3][C@:4]([NH2:5])([F:6])[N+:7](=[O:8])[O-:9].[H-:10],"[[5, 3, 9], [5, 3, 2, 9]]"
799,799,[N:1]#[C:2][CH2:3][C@:4]([NH2:5])([Cl:6])[C:7]#[N:8].[H-:9],"[[5, 3, 8], [5, 3, 2, 8]]"
800,800,[N:1]#[C:2][C@H:3]([NH2:4])[C@H:5]([NH2:6])[Cl:7].[H-:8],"[[6, 4, 7], [6, 4, 2, 7]]"
801,801,[CH3:1][C@@H:2]([C:3]#[N:4])[C@H:5]([NH2:6])[Cl:7].[H-:8],"[[6, 4, 7], [6, 4, 1, 7]]"
803,803,[CH3:1][C@@H:2]([C:3]#[N:4])[C@:5]([NH2:6])([Br:7])[C:8]#[N:9].[H-:10],"[[6, 4, 9], [6, 4, 1, 9]]"
804,804,[CH3:1][C@@H:2]([C:3]#[N:4])[C@H:5]([NH2:6])[Br:7].[H-:8],"[[6, 4, 7], [6, 4, 1, 7]]"
805,805,[CH3:1][C@H:2]([C:3]#[N:4])[C@H:5]([NH2:6])[Cl:7].[F-:8],"[[6, 4, 7], [6, 4, 1, 7]]"
806,806,[CH3:1][CH2:2][C@:3]([NH2:4])([Cl:5])[C:6]#[N:7].[F-:8],"[[4, 2, 7], [4, 2, 1, 7]]"
807,807,[CH3:1][CH2:2][C@H:3]([NH2:4])[Cl:5].[F-:6],"[[4, 2, 1, 5], [4, 2, 5]]"
808,808,[CH3:1][CH2:2][C@:3]([NH2:4])([Br:5])[C:6]#[N:7].[F-:8],"[[4, 2, 7], [4, 2, 1, 7]]"
809,809,[CH3:1][C@H:2]([C:3]#[N:4])[C@H:5]([NH2:6])[Cl:7].[H-:8],"[[6, 4, 7], [6, 4, 1, 7]]"
810,810,[CH3:1][C@H:2]([C:3]#[N:4])[C@H:5]([NH2:6])[Br:7].[F-:8],"[[6, 4, 7], [6, 4, 1, 7]]"
811,811,[CH3:1][CH:2]([CH3:3])[C@H:4]([NH2:5])[F:6].[H-:7],"[[5, 3, 6], [5, 3, 1, 6]]"
812,812,[CH3:1][CH:2]([CH3:3])[C@H:4]([NH2:5])[Cl:6].[F-:7],"[[5, 3, 6], [5, 3, 1, 6]]"
813,813,[CH3:1][CH:2]([CH3:3])[C@:4]([NH2:5])([Br:6])[N+:7](=[O:8])[O-:9].[F-:10],"[[5, 3, 9], [5, 3, 1, 9]]"
814,814,[CH3:1][CH:2]([CH3:3])[C@H:4]([NH2:5])[Br:6].[F-:7],"[[5, 3, 6], [5, 3, 1, 6]]"
815,815,[N:1]#[C:2][CH2:3][C@H:4]([NH2:5])[Br:6].[H-:7],"[[5, 3, 6], [5, 3, 2, 6]]"
816,816,[N:1]#[C:2][CH2:3][C@H:4]([NH2:5])[Br:6].[F-:7],"[[5, 3, 6], [5, 3, 2, 6]]"
817,817,[CH3:1][C@@H:2]([NH2:3])[C@@H:4]([F:5])[N+:6](=[O:7])[O-:8].[H-:9],"[[4, 3, 8], [4, 3, 1, 8]]"
818,818,[CH3:1][C@@H:2]([C:3]#[N:4])[C@H:5]([NH2:6])[F:7].[H-:8],"[[6, 4, 7], [6, 4, 1, 7]]"
820,820,[NH2:1][CH:2]([NH2:3])[C@H:4]([NH2:5])[F:6].[H-:7],"[[5, 3, 6], [5, 3, 1, 6]]"
821,821,[CH3:1][C@@H:2]([NH2:3])[C@H:4]([NH2:5])[F:6].[H-:7],"[[5, 3, 6], [5, 3, 1, 6]]"
822,822,[CH3:1][C@H:2]([Cl:3])[CH:4]([NH2:5])[NH2:6].[H-:7],"[[2, 1, 6], [2, 1, 3, 6]]"
823,823,[CH3:1][C@:2]([NH2:3])([F:4])[N+:5](=[O:6])[O-:7].[H-:8],"[[3, 1, 7], [3, 1, 0, 7]]"
824,824,[N:1]#[C:2][CH2:3][C@:4]([NH2:5])([Br:6])[N+:7](=[O:8])[O-:9].[F-:10],"[[5, 3, 9], [5, 3, 2, 9]]"
825,825,[CH3:1][C@:2]([NH2:3])([Br:4])[N+:5](=[O:6])[O-:7].[F-:8],"[[3, 1, 7], [3, 1, 0, 7]]"
826,826,[CH3:1][CH:2]([CH3:3])[C@:4]([NH2:5])([Cl:6])[N+:7](=[O:8])[O-:9].[H-:10],"[[5, 3, 1, 9], [5, 3, 9]]"
829,829,[CH3:1][C@H:2]([C:3]#[N:4])[C@:5]([NH2:6])([F:7])[N+:8](=[O:9])[O-:10].[H-:11],"[[6, 4, 10], [6, 4, 1, 10]]"
830,830,[CH3:1][CH2:2][C@:3]([NH2:4])([Cl:5])[N+:6](=[O:7])[O-:8].[F-:9],"[[4, 2, 8], [4, 2, 1, 8]]"
832,832,[CH3:1][CH2:2][C@H:3]([NH2:4])[Cl:5].[H-:6],"[[4, 2, 1, 5], [4, 2, 5]]"
834,834,[CH3:1][C@@H:2]([NH2:3])[C@:4]([NH2:5])([Cl:6])[N+:7](=[O:8])[O-:9].[H-:10],"[[5, 3, 1, 9], [5, 3, 9]]"
835,835,[CH3:1][CH:2]([CH3:3])[C@:4]([NH2:5])([F:6])[N+:7](=[O:8])[O-:9].[H-:10],"[[5, 3, 9], [5, 3, 1, 9]]"
836,836,[CH3:1][C@@H:2]([NH2:3])[C@:4]([NH2:5])([Cl:6])[N+:7](=[O:8])[O-:9].[F-:10],"[[5, 3, 9], [5, 3, 1, 9]]"
838,838,[CH3:1][C@:2]([NH2:3])([Cl:4])[C:5]#[N:6].[F-:7],"[[3, 1, 6], [3, 1, 0, 6]]"
839,839,[CH3:1][C@:2]([NH2:3])([Br:4])[C:5]#[N:6].[F-:7],"[[3, 1, 6], [3, 1, 0, 6]]"
841,841,[N:1]#[C:2][CH2:3][C@:4]([NH2:5])([F:6])[C:7]#[N:8].[F-:9],"[[5, 3, 8], [5, 3, 2, 8]]"
842,842,[CH3:1][C@H:2]([C:3]#[N:4])[C@:5]([NH2:6])([F:7])[C:8]#[N:9].[H-:10],"[[6, 4, 9], [6, 4, 1, 9]]"
843,843,[N:1]#[C:2][CH2:3][C@:4]([NH2:5])([F:6])[C:7]#[N:8].[H-:9],"[[5, 3, 8], [5, 3, 2, 8]]"
845,845,[N:1]#[C:2][CH2:3][C@:4]([NH2:5])([F:6])[N+:7](=[O:8])[O-:9].[F-:10],"[[5, 3, 9], [5, 3, 2, 9]]"
846,846,[N:1]#[C:2][CH2:3][C@:4]([NH2:5])([Cl:6])[C:7]#[N:8].[F-:9],"[[5, 3, 8], [5, 3, 2, 8]]"
847,847,[CH3:1][C@H:2]([C:3]#[N:4])[C@:5]([NH2:6])([Cl:7])[C:8]#[N:9].[H-:10],"[[6, 4, 9], [6, 4, 1, 9]]"
848,848,[N:1]#[C:2][C@@H:3]([NH2:4])[C@:5]([NH2:6])([Cl:7])[C:8]#[N:9].[H-:10],"[[6, 4, 9], [6, 4, 2, 9]]"
849,849,[N:1]#[C:2][CH2:3][C:4]([Cl:5])([C:6]#[N:7])[C:8]#[N:9].[F-:10],"[[4, 3, 9], [4, 3, 2, 9]]"
850,850,[N:1]#[C:2][CH2:3][C@:4]([NH2:5])([Cl:6])[N+:7](=[O:8])[O-:9].[F-:10],"[[5, 3, 9], [5, 3, 2, 9]]"
852,852,[CH3:1][C@:2]([NH2:3])([Cl:4])[C:5]#[N:6].[H-:7],"[[3, 1, 0, 6], [3, 1, 6]]"
854,854,[N:1]#[C:2][CH2:3][C@:4]([NH2:5])([Br:6])[C:7]#[N:8].[F-:9],"[[5, 3, 8], [5, 3, 2, 8]]"
855,855,[CH3:1][C@@H:2]([C:3]#[N:4])[C@:5]([NH2:6])([Br:7])[C:8]#[N:9].[F-:10],"[[6, 4, 9], [6, 4, 1, 9]]"
856,856,[CH3:1][C@@H:2]([NH2:3])[C@:4]([NH2:5])([Br:6])[C:7]#[N:8].[F-:9],"[[5, 3, 8], [5, 3, 1, 8]]"
858,858,[N:1]#[C:2][C@@:3]([NH2:4])([Cl:5])[CH2:6][NH2:7].[F-:8],"[[4, 2, 7], [4, 2, 5, 7]]"
859,859,[N:1]#[C:2][C@@:3]([NH2:4])([Cl:5])[CH2:6][N+:7](=[O:8])[O-:9].[F-:10],"[[4, 2, 9], [4, 2, 5, 9]]"
860,860,[CH3:1][C@@H:2]([N+:3](=[O:4])[O-:5])[C@:6]([NH2:7])([Cl:8])[C:9]#[N:10].[F-:11],"[[7, 5, 10], [7, 5, 1, 10]]"
862,862,[N:1]#[C:2][CH2:3][C@:4]([NH2:5])([Br:6])[C:7]#[N:8].[Cl-:9],"[[5, 3, 8], [5, 3, 2, 8]]"
864,864,[CH3:1][CH2:2][C@:3]([NH2:4])([F:5])[C:6]#[N:7].[H-:8],"[[4, 2, 7], [4, 2, 1, 7]]"
865,865,[CH3:1][CH:2]([CH3:3])[C@:4]([NH2:5])([F:6])[C:7]#[N:8].[H-:9],"[[5, 3, 8], [5, 3, 1, 8]]"
866,866,[CH3:1][CH:2]([CH3:3])[C@H:4]([F:5])[C:6]#[N:7].[H-:8],"[[4, 3, 7], [4, 3, 1, 7]]"
867,867,[CH3:1][CH:2]([CH3:3])[C@:4]([NH2:5])([Cl:6])[C:7]#[N:8].[F-:9],"[[5, 3, 8], [5, 3, 1, 8]]"
868,868,[CH3:1][C@H:2]([NH2:3])[C@H:4]([F:5])[C:6]#[N:7].[H-:8],"[[4, 3, 7], [4, 3, 1, 7]]"
869,869,[N:1]#[C:2][C@@:3]([NH2:4])([F:5])[C@@H:6]([NH2:7])[N+:8](=[O:9])[O-:10].[H-:11],"[[4, 2, 10], [4, 2, 5, 10]]"
870,870,[CH3:1][C@H:2]([NH2:3])[C@:4]([NH2:5])([F:6])[C:7]#[N:8].[H-:9],"[[5, 3, 8], [5, 3, 1, 8]]"
871,871,[CH3:1][C@H:2]([NH2:3])[C@:4]([CH3:5])([F:6])[C:7]#[N:8].[H-:9],"[[5, 3, 8], [5, 3, 1, 8]]"
872,872,[CH3:1][C@H:2]([NH2:3])[C@H:4]([NH2:5])[F:6].[H-:7],"[[5, 3, 6], [5, 3, 1, 6]]"
873,873,[CH3:1][C@H:2]([NH2:3])[C@:4]([NH2:5])([Cl:6])[C:7]#[N:8].[F-:9],"[[5, 3, 8], [5, 3, 1, 8]]"
874,874,[CH3:1][C@H:2]([NH2:3])[C@:4]([NH2:5])([Cl:6])[C:7]#[N:8].[H-:9],"[[5, 3, 1, 8], [5, 3, 8]]"
875,875,[CH3:1][C@H:2]([NH2:3])[C:4]([Cl:5])([C:6]#[N:7])[C:8]#[N:9].[F-:10],"[[4, 3, 9], [4, 3, 1, 9]]"
876,876,[CH3:1][C@H:2]([C:3]#[N:4])[C@:5]([NH2:6])([Br:7])[C:8]#[N:9].[H-:10],"[[6, 4, 9], [6, 4, 1, 9]]"
877,877,[N:1]#[C:2][C@@:3]([NH2:4])([Br:5])[CH:6]([NH2:7])[NH2:8].[F-:9],"[[4, 2, 8], [4, 2, 5, 8]]"
878,878,[N:1]#[C:2][C@@:3]([NH2:4])([Cl:5])[CH2:6][NH2:7].[H-:8],"[[4, 2, 5, 7], [4, 2, 7]]"
879,879,[N:1]#[C:2][C@@H:3]([NH2:4])[C@:5]([NH2:6])([Cl:7])[C:8]#[N:9].[F-:10],"[[6, 4, 9], [6, 4, 2, 9]]"
880,880,[N:1]#[C:2][C@@:3]([NH2:4])([Cl:5])[CH:6]([NH2:7])[NH2:8].[F-:9],"[[4, 2, 8], [4, 2, 5, 8]]"
882,882,[N:1]#[C:2][CH2:3][C@:4]([NH2:5])([Cl:6])[C:7]#[N:8].[Cl-:9],"[[5, 3, 8], [5, 3, 2, 8]]"
883,883,[CH3:1][C@@H:2]([NH2:3])[C@:4]([NH2:5])([F:6])[C:7]#[N:8].[H-:9],"[[5, 3, 8], [5, 3, 1, 8]]"
884,884,[CH3:1][C@@H:2]([NH2:3])[C@:4]([NH2:5])([F:6])[N+:7](=[O:8])[O-:9].[H-:10],"[[5, 3, 9], [5, 3, 1, 9]]"
886,886,[CH3:1][C@@H:2]([C:3]#[N:4])[C@:5]([NH2:6])([F:7])[C:8]#[N:9].[H-:10],"[[6, 4, 9], [6, 4, 1, 9]]"
887,887,[CH3:1][C@@H:2]([NH2:3])[C@H:4]([F:5])[C:6]#[N:7].[H-:8],"[[4, 3, 7], [4, 3, 1, 7]]"
888,888,[N:1]#[C:2][C@@:3]([NH2:4])([F:5])[CH2:6][NH2:7].[H-:8],"[[4, 2, 7], [4, 2, 5, 7]]"
889,889,[N:1]#[C:2][C@@H:3]([NH2:4])[C@:5]([NH2:6])([F:7])[C:8]#[N:9].[H-:10],"[[6, 4, 9], [6, 4, 2, 9]]"
890,890,[CH3:1][C@@H:2]([C:3]#[N:4])[C@:5]([NH2:6])([Cl:7])[C:8]#[N:9].[H-:10],"[[6, 4, 9], [6, 4, 1, 9]]"
891,891,[CH3:1][C@@H:2]([C:3]#[N:4])[C@:5]([NH2:6])([Cl:7])[C:8]#[N:9].[F-:10],"[[6, 4, 9], [6, 4, 1, 9]]"
892,892,[N:1]#[C:2][C@@H:3]([F:4])[CH:5]([NH2:6])[NH2:7].[H-:8],"[[3, 2, 4, 7], [3, 2, 7]]"
893,893,[N:1]#[C:2][C:3]([F:4])([C:5]#[N:6])[CH:7]([NH2:8])[NH2:9].[H-:10],"[[3, 2, 6, 9], [3, 2, 9]]"
894,894,[NH2:1][CH:2]([NH2:3])[C@:4]([NH2:5])([F:6])[N+:7](=[O:8])[O-:9].[H-:10],"[[5, 3, 9], [5, 3, 1, 9]]"
895,895,[CH3:1][C@@:2]([NH2:3])([F:4])[CH:5]([NH2:6])[NH2:7].[H-:8],"[[3, 1, 7], [3, 1, 4, 7]]"
896,896,[N:1]#[C:2][C@@:3]([NH2:4])([F:5])[CH:6]([NH2:7])[NH2:8].[H-:9],"[[4, 2, 8], [4, 2, 5, 8]]"
898,898,[CH3:1][C:2]([CH3:3])([NH2:4])[F:5].[H-:6],"[[4, 1, 5], [4, 1, 0, 5]]"
899,899,[CH3:1][C@H:2]([C:3]#[N:4])[C@:5]([CH3:6])([NH2:7])[F:8].[H-:9],"[[7, 4, 8], [7, 4, 1, 8]]"
900,900,[CH3:1][C@@:2]([NH2:3])([F:4])[C@H:5]([NH2:6])[C:7]#[N:8].[H-:9],"[[3, 1, 8], [3, 1, 4, 8]]"
901,901,[CH3:1][C@@:2]([NH2:3])([Cl:4])[CH2:5][C:6]#[N:7].[H-:8],"[[3, 1, 7], [3, 1, 4, 7]]"
902,902,[CH3:1][C@@:2]([NH2:3])([Br:4])[CH2:5][C:6]#[N:7].[H-:8],"[[3, 1, 7], [3, 1, 4, 7]]"
903,903,[NH2:1][C@:2]([F:3])([CH2:4][N+:5](=[O:6])[O-:7])[N+:8](=[O:9])[O-:10].[H-:11],"[[2, 1, 10], [2, 1, 3, 10]]"
904,904,[CH3:1][C@@:2]([NH2:3])([F:4])[CH2:5][N+:6](=[O:7])[O-:8].[H-:9],"[[3, 1, 8], [3, 1, 4, 8]]"
905,905,[CH3:1][C@@H:2]([F:3])[C@@H:4]([NH2:5])[N+:6](=[O:7])[O-:8].[H-:9],"[[2, 1, 8], [2, 1, 3, 8]]"
906,906,[CH3:1][C:2]([CH3:3])([F:4])[C@@H:5]([NH2:6])[N+:7](=[O:8])[O-:9].[H-:10],"[[3, 1, 9], [3, 1, 4, 9]]"
907,907,[NH2:1][C@H:2]([C@H:3]([NH2:4])[F:5])[N+:6](=[O:7])[O-:8].[H-:9],"[[4, 2, 8], [4, 2, 1, 8]]"
908,908,[NH2:1][C@@H:2]([N+:3](=[O:4])[O-:5])[C@:6]([NH2:7])([F:8])[N+:9](=[O:10])[O-:11].[H-:12],"[[7, 5, 11], [7, 5, 1, 11]]"
909,909,[CH3:1][C@@:2]([NH2:3])([F:4])[C@@H:5]([NH2:6])[N+:7](=[O:8])[O-:9].[H-:10],"[[3, 1, 9], [3, 1, 4, 9]]"
910,910,[CH3:1][C@@H:2]([Cl:3])[C@@H:4]([NH2:5])[N+:6](=[O:7])[O-:8].[H-:9],"[[2, 1, 8], [2, 1, 3, 8]]"
911,911,[CH3:1][C:2]([CH3:3])([Cl:4])[C@@H:5]([NH2:6])[N+:7](=[O:8])[O-:9].[H-:10],"[[3, 1, 9], [3, 1, 4, 9]]"
912,912,[CH3:1][C@@H:2]([N+:3](=[O:4])[O-:5])[C@:6]([CH3:7])([NH2:8])[Cl:9].[H-:10],"[[8, 5, 9], [8, 5, 1, 9]]"
915,915,[CH3:1][C@@:2]([NH2:3])([Cl:4])[C@@H:5]([NH2:6])[C:7]#[N:8].[H-:9],"[[3, 1, 8], [3, 1, 4, 8]]"
916,916,[CH3:1][C@@H:2]([C:3]#[N:4])[C@:5]([CH3:6])([NH2:7])[Cl:8].[H-:9],"[[7, 4, 8], [7, 4, 1, 8]]"
917,917,[CH3:1][CH2:2][C@:3]([NH2:4])([Cl:5])[C:6]#[N:7].[H-:8],"[[4, 2, 1, 7], [4, 2, 7]]"
918,918,[CH3:1][CH2:2][C@@:3]([CH3:4])([Br:5])[C:6]#[N:7].[F-:8],"[[4, 2, 7], [4, 2, 1, 7]]"
919,919,[CH3:1][CH:2]([CH3:3])[C@@:4]([CH3:5])([Cl:6])[N+:7](=[O:8])[O-:9].[H-:10],"[[5, 3, 9], [5, 3, 1, 9]]"
920,920,[CH3:1][CH:2]([CH3:3])[C:4]([CH3:5])([CH3:6])[Br:7].[H-:8],"[[6, 3, 7], [6, 3, 1, 7]]"
921,921,[CH3:1][C@@:2]([NH2:3])([Cl:4])[C@H:5]([NH2:6])[C:7]#[N:8].[H-:9],"[[3, 1, 8], [3, 1, 4, 8]]"
923,923,[CH3:1][C@:2]([Br:3])([C:4]#[N:5])[C@H:6]([NH2:7])[C:8]#[N:9].[F-:10],"[[2, 1, 9], [2, 1, 5, 9]]"
924,924,[CH3:1][C:2]([CH3:3])([Br:4])[C@H:5]([NH2:6])[C:7]#[N:8].[F-:9],"[[3, 1, 8], [3, 1, 4, 8]]"
925,925,[N:1]#[C:2][C@@H:3]([NH2:4])[C@:5]([NH2:6])([Br:7])[C:8]#[N:9].[F-:10],"[[6, 4, 9], [6, 4, 2, 9]]"
926,926,[CH3:1][C@@H:2]([N+:3](=[O:4])[O-:5])[C@:6]([CH3:7])([NH2:8])[Cl:9].[F-:10],"[[8, 5, 9], [8, 5, 1, 9]]"
927,927,[CH3:1][C@@H:2]([C:3]#[N:4])[C@:5]([CH3:6])([NH2:7])[Cl:8].[F-:9],"[[7, 4, 8], [7, 4, 1, 8]]"
928,928,[N:1]#[C:2][CH2:3][C:4]([NH2:5])([NH2:6])[F:7].[H-:8],"[[6, 3, 7], [6, 3, 2, 7]]"
930,930,[N:1]#[C:2][CH2:3][C:4]([NH2:5])([NH2:6])[Cl:7].[H-:8],"[[6, 3, 7], [6, 3, 2, 7]]"
931,931,[CH3:1][C@@H:2]([C:3]#[N:4])[C:5]([NH2:6])([NH2:7])[Cl:8].[H-:9],"[[7, 4, 8], [7, 4, 1, 8]]"
932,932,[CH3:1][CH:2]([CH3:3])[C:4]([NH2:5])([NH2:6])[F:7].[H-:8],"[[6, 3, 7], [6, 3, 1, 7]]"
